t,phase,z,bias,value
0.5548,baseline,10000,38229,32767
0.5552,baseline,10000,38229,32767
0.5557,baseline,10000,38229,32767
0.5561,baseline,10000,38229,32767
0.5565,baseline,10000,38229,32767
0.5569,baseline,10000,38229,32767
0.5573,baseline,10000,38229,32767
0.5577,baseline,10000,38229,32767
0.5583,baseline,10000,38229,32767
0.5588,baseline,10000,38229,32767
0.5596,baseline,10000,38229,32767
0.5603,baseline,10000,38229,32767
0.5607,baseline,10000,38229,32767
0.5612,baseline,10000,38229,32767
0.5616,baseline,10000,38229,32767
0.5619,baseline,10000,38229,32767
0.5623,baseline,10000,38229,32767
0.5628,baseline,10000,38229,32767
0.5632,baseline,10000,38229,32767
0.5636,baseline,10000,38229,32767
0.5641,baseline,10000,38229,32767
0.5645,baseline,10000,38229,32767
0.5649,baseline,10000,38229,32767
0.5655,baseline,10000,38229,32767
0.566,baseline,10000,38229,32767
0.5664,baseline,10000,38229,32767
0.5669,baseline,10000,38229,32767
0.5674,baseline,10000,38229,32767
0.5679,baseline,10000,38229,32767
0.5683,baseline,10000,38229,32767
0.5687,baseline,10000,38229,32767
0.569,baseline,10000,38229,32767
0.5695,baseline,10000,38229,32767
0.5698,baseline,10000,38229,32767
0.5701,baseline,10000,38229,32767
0.5705,baseline,10000,38229,32767
0.5708,baseline,10000,38229,32767
0.5711,baseline,10000,38229,32767
0.5714,baseline,10000,38229,32767
0.5717,baseline,10000,38229,32767
0.5721,baseline,10000,38229,32767
0.5724,baseline,10000,38229,32767
0.5728,baseline,10000,38229,32767
0.5731,baseline,10000,38229,32767
0.5734,baseline,10000,38229,32767
0.5737,baseline,10000,38229,32767
0.574,baseline,10000,38229,32767
0.5744,baseline,10000,38229,32767
0.5747,baseline,10000,38229,32767
0.575,baseline,10000,38229,32767
0.5752,baseline,10000,38229,32767
0.5755,baseline,10000,38229,32767
0.5758,baseline,10000,38229,32767
0.5761,baseline,10000,38229,32767
0.5764,baseline,10000,38229,32767
0.5769,baseline,10000,38229,32767
0.5777,baseline,10000,38229,32767
0.578,baseline,10000,38229,32767
0.5784,baseline,10000,38229,32767
0.5787,baseline,10000,38229,32767
0.579,baseline,10000,38229,32767
0.5793,baseline,10000,38229,32767
0.5797,baseline,10000,38229,32767
0.58,baseline,10000,38229,32767
0.5802,baseline,10000,38229,32767
0.5806,baseline,10000,38229,32767
0.5809,baseline,10000,38229,32767
0.5812,baseline,10000,38229,32767
0.5815,baseline,10000,38229,32767
0.5818,baseline,10000,38229,32767
0.5821,baseline,10000,38229,32767
0.5824,baseline,10000,38229,32767
0.5827,baseline,10000,38229,32767
0.583,baseline,10000,38229,32767
0.5833,baseline,10000,38229,32767
0.5836,baseline,10000,38229,32767
0.5839,baseline,10000,38229,32767
0.5842,baseline,10000,38229,32767
0.5845,baseline,10000,38229,32767
0.5849,baseline,10000,38229,32767
0.5852,baseline,10000,38229,32767
0.5855,baseline,10000,38229,32767
0.5858,baseline,10000,38229,32767
0.5861,baseline,10000,38229,32767
0.5864,baseline,10000,38229,32767
0.5867,baseline,10000,38229,32767
0.587,baseline,10000,38229,32767
0.5873,baseline,10000,38229,32767
0.5876,baseline,10000,38229,32767
0.5879,baseline,10000,38229,32767
0.5882,baseline,10000,38229,32767
0.5885,baseline,10000,38229,32767
0.5888,baseline,10000,38229,32767
0.5891,baseline,10000,38229,32767
0.5894,baseline,10000,38229,32767
0.5897,baseline,10000,38229,32767
0.59,baseline,10000,38229,32767
0.5903,baseline,10000,38229,32767
0.5906,baseline,10000,38229,32767
0.5909,baseline,10000,38229,32767
0.5912,baseline,10000,38229,32767
0.5915,baseline,10000,38229,32767
0.5918,baseline,10000,38229,32767
0.5921,baseline,10000,38229,32767
0.5925,baseline,10000,38229,32767
0.5928,baseline,10000,38229,32767
0.5931,baseline,10000,38229,32767
0.5934,baseline,10000,38229,32767
0.5937,baseline,10000,38229,32767
0.594,baseline,10000,38229,32767
0.5946,baseline,10000,38229,32767
0.5951,baseline,10000,38229,32767
0.5954,baseline,10000,38229,32767
0.5957,baseline,10000,38229,32767
0.596,baseline,10000,38229,32767
0.5963,baseline,10000,38229,32767
0.5966,baseline,10000,38229,32767
0.5969,baseline,10000,38229,32767
0.5972,baseline,10000,38229,32767
0.5975,baseline,10000,38229,32767
0.5978,baseline,10000,38229,32767
0.5981,baseline,10000,38229,32767
0.5983,baseline,10000,38229,32767
0.5987,baseline,10000,38229,32767
0.5991,baseline,10000,38229,32767
0.5994,baseline,10000,38229,32767
0.5997,baseline,10000,38229,32767
0.5999,baseline,10000,38229,32767
0.6002,baseline,10000,38229,32767
0.6005,baseline,10000,38229,32767
0.6008,baseline,10000,38229,32767
0.6011,baseline,10000,38229,32767
0.6013,baseline,10000,38229,32767
0.6017,baseline,10000,38229,32767
0.602,baseline,10000,38229,32767
0.6023,baseline,10000,38229,32767
0.6026,baseline,10000,38229,32767
0.6028,baseline,10000,38229,32767
0.6031,baseline,10000,38229,32767
0.6034,baseline,10000,38229,32767
0.6037,baseline,10000,38229,32767
0.604,baseline,10000,38229,32767
0.6043,baseline,10000,38229,32767
0.6046,baseline,10000,38229,32767
0.6049,baseline,10000,38229,32767
0.6052,baseline,10000,38229,32767
0.6055,baseline,10000,38229,32767
0.6058,baseline,10000,38229,32767
0.6061,baseline,10000,38229,32767
0.6064,baseline,10000,38229,32767
0.6067,baseline,10000,38229,32767
0.607,baseline,10000,38229,32767
0.6073,baseline,10000,38229,32767
0.6076,baseline,10000,38229,32767
0.6079,baseline,10000,38229,32767
0.6082,baseline,10000,38229,32767
0.6084,baseline,10000,38229,32767
0.6088,baseline,10000,38229,32767
0.609,baseline,10000,38229,32767
0.6093,baseline,10000,38229,32767
0.6096,baseline,10000,38229,32767
0.6099,baseline,10000,38229,32767
0.6102,baseline,10000,38229,32767
0.6105,baseline,10000,38229,32767
0.6108,baseline,10000,38229,32767
0.6111,baseline,10000,38229,32767
0.6114,baseline,10000,38229,32767
0.6117,baseline,10000,38229,32767
0.6119,baseline,10000,38229,32767
0.6123,baseline,10000,38229,32767
0.6127,baseline,10000,38229,32767
0.613,baseline,10000,38229,32767
0.6133,baseline,10000,38229,32767
0.6137,baseline,10000,38229,32767
0.614,baseline,10000,38229,32767
0.6143,baseline,10000,38229,32767
0.6146,baseline,10000,38229,32767
0.6149,baseline,10000,38229,32767
0.6152,baseline,10000,38229,32767
0.6154,baseline,10000,38229,32767
0.6157,baseline,10000,38229,32767
0.616,baseline,10000,38229,32767
0.6163,baseline,10000,38229,32767
0.6166,baseline,10000,38229,32767
0.6169,baseline,10000,38229,32767
0.6172,baseline,10000,38229,32767
0.6175,baseline,10000,38229,32767
0.6178,baseline,10000,38229,32767
0.6181,baseline,10000,38229,32767
0.6184,baseline,10000,38229,32767
0.6187,baseline,10000,38229,32767
0.6189,baseline,10000,38229,32767
0.6193,baseline,10000,38229,32767
0.6195,baseline,10000,38229,32767
0.6199,baseline,10000,38229,32767
0.6202,baseline,10000,38229,32767
0.6204,baseline,10000,38229,32767
0.6208,baseline,10000,38229,32767
0.6211,baseline,10000,38229,32767
0.6213,baseline,10000,38229,32767
