t,leg,z,mean
1789782603.949,down0,50000,6
1789782603.973,down0,49900,19
1789782603.997,down0,49800,31
1789782604.021,down0,49700,13
1789782604.044,down0,49600,35
1789782604.065,down0,49500,31
1789782604.087,down0,49400,31
1789782604.11,down0,49300,28
1789782604.134,down0,49200,22
1789782604.156,down0,49100,35
1789782604.178,down0,49000,33
1789782604.201,down0,48900,33
1789782604.223,down0,48800,15
1789782604.246,down0,48700,24
1789782604.269,down0,48600,15
1789782604.293,down0,48500,19
1789782604.316,down0,48400,24
1789782604.34,down0,48300,24
1789782604.363,down0,48200,16
1789782604.387,down0,48100,22
1789782604.411,down0,48000,25
1789782604.435,down0,47900,15
1789782604.457,down0,47800,25
1789782604.477,down0,47700,16
1789782604.499,down0,47600,18
1789782604.52,down0,47500,20
1789782604.542,down0,47400,14
1789782604.564,down0,47300,14
1789782604.584,down0,47200,20
1789782604.606,down0,47100,19
1789782604.629,down0,47000,26
1789782604.65,down0,46900,23
1789782604.674,down0,46800,21
1789782604.698,down0,46700,28
1789782604.722,down0,46600,28
1789782604.746,down0,46500,6
1789782604.771,down0,46400,8
1789782604.795,down0,46300,17
1789782604.817,down0,46200,23
1789782604.84,down0,46100,21
1789782604.862,down0,46000,14
1789782604.885,down0,45900,11
1789782604.908,down0,45800,0
1789782604.933,down0,45700,13
1789782604.957,down0,45600,19
1789782604.979,down0,45500,11
1789782605.004,down0,45400,22
1789782605.03,down0,45300,16
1789782605.055,down0,45200,20
1789782605.078,down0,45100,26
1789782605.099,down0,45000,28
1789782605.121,down0,44900,16
1789782605.144,down0,44800,26
1789782605.168,down0,44700,30
1789782605.192,down0,44600,17
1789782605.215,down0,44500,22
1789782605.238,down0,44400,19
1789782605.263,down0,44300,24
1789782605.287,down0,44200,36
1789782605.311,down0,44100,45
1789782605.336,down0,44000,39
1789782605.359,down0,43900,30
1789782605.382,down0,43800,17
1789782605.406,down0,43700,14
1789782605.429,down0,43600,29
1789782605.452,down0,43500,34
1789782605.475,down0,43400,27
1789782605.498,down0,43300,32
1789782605.521,down0,43200,17
1789782605.545,down0,43100,17
1789782605.567,down0,43000,26
1789782605.589,down0,42900,21
1789782605.611,down0,42800,15
1789782605.632,down0,42700,14
1789782605.653,down0,42600,24
1789782605.676,down0,42500,22
1789782605.7,down0,42400,27
1789782605.724,down0,42300,18
1789782605.748,down0,42200,28
1789782605.77,down0,42100,24
1789782605.793,down0,42000,30
1789782605.816,down0,41900,19
1789782605.838,down0,41800,28
1789782605.861,down0,41700,36
1789782605.884,down0,41600,21
1789782605.907,down0,41500,30
1789782605.929,down0,41400,40
1789782605.952,down0,41300,34
1789782605.975,down0,41200,48
1789782605.997,down0,41100,43
1789782606.02,down0,41000,45
1789782606.043,down0,40900,36
1789782606.065,down0,40800,62
1789782606.088,down0,40700,45
1789782606.111,down0,40600,41
1789782606.137,down0,40500,42
1789782606.162,down0,40400,47
1789782606.185,down0,40300,30
1789782606.21,down0,40200,46
1789782606.233,down0,40100,38
1789782606.256,down0,40000,37
1789782606.279,down0,39900,37
1789782606.302,down0,39800,43
1789782606.324,down0,39700,44
1789782606.35,down0,39600,29
1789782606.373,down0,39500,42
1789782606.396,down0,39400,30
1789782606.419,down0,39300,40
1789782606.443,down0,39200,34
1789782606.465,down0,39100,20
1789782606.488,down0,39000,34
1789782606.511,down0,38900,26
1789782606.533,down0,38800,31
1789782606.555,down0,38700,39
1789782606.575,down0,38600,33
1789782606.595,down0,38500,32
1789782606.616,down0,38400,45
1789782606.638,down0,38300,47
1789782606.659,down0,38200,47
1789782606.682,down0,38100,44
1789782606.704,down0,38000,41
1789782606.727,down0,37900,55
1789782606.751,down0,37800,63
1789782606.774,down0,37700,48
1789782606.797,down0,37600,31
1789782606.82,down0,37500,45
1789782606.842,down0,37400,55
1789782606.864,down0,37300,42
1789782606.886,down0,37200,36
1789782606.909,down0,37100,43
1789782606.932,down0,37000,48
1789782606.957,down0,36900,53
1789782606.98,down0,36800,53
1789782607.004,down0,36700,53
1789782607.027,down0,36600,55
1789782607.05,down0,36500,63
1789782607.073,down0,36400,65
1789782607.095,down0,36300,66
1789782607.118,down0,36200,52
1789782607.142,down0,36100,45
1789782607.164,down0,36000,58
1789782607.186,down0,35900,47
1789782607.209,down0,35800,97
1789782607.232,down0,35700,53
1789782607.255,down0,35600,63
1789782607.278,down0,35500,103
1789782607.302,down0,35400,85
1789782607.325,down0,35300,67
1789782607.35,down0,35200,66
1789782607.375,down0,35100,65
1789782607.399,down0,35000,75
1789782607.422,down0,34900,61
1789782607.445,down0,34800,58
1789782607.468,down0,34700,64
1789782607.491,down0,34600,52
1789782607.514,down0,34500,53
1789782607.537,down0,34400,55
1789782607.56,down0,34300,48
1789782607.583,down0,34200,53
1789782607.605,down0,34100,33
1789782607.628,down0,34000,38
1789782607.65,down0,33900,36
1789782607.671,down0,33800,50
1789782607.697,down0,33700,57
1789782607.72,down0,33600,68
1789782607.743,down0,33500,57
1789782607.767,down0,33400,47
1789782607.789,down0,33300,44
1789782607.812,down0,33200,48
1789782607.835,down0,33100,43
1789782607.858,down0,33000,58
1789782607.882,down0,32900,50
1789782607.905,down0,32800,62
1789782607.929,down0,32700,60
1789782607.952,down0,32600,40
1789782607.977,down0,32500,45
1789782608.002,down0,32400,44
1789782608.026,down0,32300,45
1789782608.049,down0,32200,41
1789782608.072,down0,32100,38
1789782608.094,down0,32000,32
1789782608.118,down0,31900,42
1789782608.141,down0,31800,43
1789782608.165,down0,31700,40
1789782608.188,down0,31600,43
1789782608.212,down0,31500,34
1789782608.237,down0,31400,30
1789782608.261,down0,31300,46
1789782608.284,down0,31200,34
1789782608.307,down0,31100,61
1789782608.33,down0,31000,44
1789782608.354,down0,30900,36
1789782608.376,down0,30800,34
1789782608.399,down0,30700,39
1789782608.422,down0,30600,43
1789782608.445,down0,30500,37
1789782608.468,down0,30400,30
1789782608.491,down0,30300,26
1789782608.515,down0,30200,32
1789782608.539,down0,30100,12
1789782608.56,down0,30000,42
1789782608.583,down0,29900,32
1789782608.605,down0,29800,34
1789782608.629,down0,29700,35
1789782608.65,down0,29600,20
1789782608.673,down0,29500,34
1789782608.695,down0,29400,36
1789782608.716,down0,29300,25
1789782608.737,down0,29200,29
1789782608.758,down0,29100,27
1789782608.779,down0,29000,35
1789782608.802,down0,28900,40
1789782608.825,down0,28800,32
1789782608.85,down0,28700,24
1789782608.873,down0,28600,16
1789782608.895,down0,28500,35
1789782608.918,down0,28400,34
1789782608.941,down0,28300,46
1789782608.967,down0,28200,37
1789782608.99,down0,28100,30
1789782609.014,down0,28000,25
1789782609.037,down0,27900,23
1789782609.06,down0,27800,40
1789782609.085,down0,27700,30
1789782609.107,down0,27600,35
1789782609.131,down0,27500,34
1789782609.154,down0,27400,38
1789782609.178,down0,27300,45
1789782609.201,down0,27200,26
1789782609.227,down0,27100,28
1789782609.251,down0,27000,27
1789782609.275,down0,26900,26
1789782609.299,down0,26800,55
1789782609.322,down0,26700,36
1789782609.345,down0,26600,42
1789782609.368,down0,26500,40
1789782609.39,down0,26400,38
1789782609.413,down0,26300,33
1789782609.435,down0,26200,41
1789782609.458,down0,26100,42
1789782609.481,down0,26000,37
1789782609.505,down0,25900,42
1789782609.528,down0,25800,41
1789782609.553,down0,25700,42
1789782609.576,down0,25600,40
1789782609.597,down0,25500,44
1789782609.621,down0,25400,47
1789782609.644,down0,25300,36
1789782609.665,down0,25200,38
1789782609.689,down0,25100,32
1789782609.712,down0,25000,46
1789782609.734,down0,24900,38
1789782609.757,down0,24800,26
1789782609.781,down0,24700,45
1789782609.803,down0,24600,33
1789782609.826,down0,24500,34
1789782609.849,down0,24400,27
1789782609.872,down0,24300,41
1789782609.898,down0,24200,30
1789782609.922,down0,24100,47
1789782609.945,down0,24000,41
1789782609.968,down0,23900,48
1789782609.993,down0,23800,58
1789782610.017,down0,23700,45
1789782610.04,down0,23600,59
1789782610.063,down0,23500,51
1789782610.087,down0,23400,61
1789782610.11,down0,23300,44
1789782610.134,down0,23200,41
1789782610.16,down0,23100,47
1789782610.184,down0,23000,42
1789782610.209,down0,22900,47
1789782610.233,down0,22800,40
1789782610.257,down0,22700,22
1789782610.282,down0,22600,10
1789782610.305,down0,22500,15
1789782610.328,down0,22400,28
1789782610.351,down0,22300,27
1789782610.373,down0,22200,24
1789782610.399,down0,22100,19
1789782610.424,down0,22000,17
1789782610.448,down0,21900,29
1789782610.471,down0,21800,7
1789782610.496,down0,21700,26
1789782610.52,down0,21600,27
1789782610.544,down0,21500,12
1789782610.568,down0,21400,13
1789782610.589,down0,21300,33
1789782610.611,down0,21200,16
1789782610.634,down0,21100,25
1789782610.656,down0,21000,24
1789782610.679,down0,20900,14
1789782610.703,down0,20800,7
1789782610.726,down0,20700,17
1789782610.748,down0,20600,30
1789782610.771,down0,20500,29
1789782610.793,down0,20400,27
1789782610.816,down0,20300,21
1789782610.839,down0,20200,26
1789782610.863,down0,20100,28
1789782610.886,down0,20000,17
1789782610.909,down0,19900,37
1789782610.931,down0,19800,26
1789782610.954,down0,19700,20
1789782610.976,down0,19600,21
1789782610.999,down0,19500,20
1789782611.02,down0,19400,21
1789782611.043,down0,19300,26
1789782611.066,down0,19200,25
1789782611.09,down0,19100,31
1789782611.112,down0,19000,26
1789782611.134,down0,18900,37
1789782611.155,down0,18800,13
1789782611.178,down0,18700,23
1789782611.201,down0,18600,31
1789782611.224,down0,18500,34
1789782611.25,down0,18400,34
1789782611.275,down0,18300,30
1789782611.299,down0,18200,28
1789782611.321,down0,18100,20
1789782611.344,down0,18000,4
1789782611.367,down0,17900,13
1789782611.389,down0,17800,24
1789782611.412,down0,17700,29
1789782611.435,down0,17600,29
1789782611.458,down0,17500,31
1789782611.481,down0,17400,27
1789782611.504,down0,17300,17
1789782611.527,down0,17200,21
1789782611.551,down0,17100,22
1789782611.574,down0,17000,24
1789782611.596,down0,16900,29
1789782611.62,down0,16800,39
1789782611.643,down0,16700,13
1789782611.665,down0,16600,16
1789782611.688,down0,16500,21
1789782611.71,down0,16400,24
1789782611.733,down0,16300,10
1789782611.756,down0,16200,29
1789782611.778,down0,16100,22
1789782611.8,down0,16000,23
1789782611.823,down0,15900,20
1789782611.845,down0,15800,26
1789782611.867,down0,15700,21
1789782611.89,down0,15600,16
1789782611.913,down0,15500,10
1789782611.936,down0,15400,31
1789782611.959,down0,15300,26
1789782611.982,down0,15200,17
1789782612.006,down0,15100,28
1789782612.03,down0,15000,12
1789782612.052,down0,14900,17
1789782612.077,down0,14800,9
1789782612.104,down0,14700,12
1789782612.129,down0,14600,23
1789782612.153,down0,14500,20
1789782612.179,down0,14400,29
1789782612.204,down0,14300,28
1789782612.23,down0,14200,28
1789782612.251,down0,14100,32
1789782612.276,down0,14000,22
1789782612.301,down0,13900,29
1789782612.325,down0,13800,14
1789782612.348,down0,13700,13
1789782612.371,down0,13600,22
1789782612.395,down0,13500,26
1789782612.42,down0,13400,27
1789782612.443,down0,13300,18
1789782612.466,down0,13200,23
1789782612.489,down0,13100,25
1789782612.511,down0,13000,20
1789782612.535,down0,12900,16
1789782612.557,down0,12800,26
1789782612.58,down0,12700,21
1789782612.604,down0,12600,24
1789782612.627,down0,12500,29
1789782612.649,down0,12400,24
1789782612.669,down0,12300,15
1789782612.692,down0,12200,5
1789782612.715,down0,12100,10
1789782612.737,down0,12000,16
1789782612.76,down0,11900,16
1789782612.783,down0,11800,24
1789782612.805,down0,11700,24
1789782612.828,down0,11600,18
1789782612.85,down0,11500,27
1789782612.874,down0,11400,25
1789782612.899,down0,11300,14
1789782612.924,down0,11200,30
1789782612.945,down0,11100,19
1789782612.968,down0,11000,24
1789782612.993,down0,10900,25
1789782613.016,down0,10800,27
1789782613.037,down0,10700,27
1789782613.06,down0,10600,22
1789782613.083,down0,10500,20
1789782613.107,down0,10400,27
1789782613.131,down0,10300,17
1789782613.155,down0,10200,37
1789782613.178,down0,10100,26
1789782613.202,down0,10000,18
1789782613.225,down0,9900,21
1789782613.249,down0,9800,29
1789782613.271,down0,9700,32
1789782613.294,down0,9600,14
1789782613.317,down0,9500,22
1789782613.341,down0,9400,25
1789782613.365,down0,9300,30
1789782613.392,down0,9200,17
1789782613.416,down0,9100,33
1789782613.438,down0,9000,22
1789782613.46,down0,8900,20
1789782613.482,down0,8800,11
1789782613.505,down0,8700,18
1789782613.528,down0,8600,12
1789782613.551,down0,8500,22
1789782613.573,down0,8400,16
1789782613.594,down0,8300,24
1789782613.618,down0,8200,10
1789782613.639,down0,8100,22
1789782613.661,down0,8000,22
1789782613.684,down0,7900,26
1789782613.71,down0,7800,25
1789782613.735,down0,7700,4
1789782613.757,down0,7600,15
1789782613.781,down0,7500,20
1789782613.805,down0,7400,35
1789782613.829,down0,7300,13
1789782613.852,down0,7200,32
1789782613.874,down0,7100,25
1789782613.897,down0,7000,30
1789782613.918,down0,6900,27
1789782613.941,down0,6800,26
1789782613.964,down0,6700,31
1789782613.988,down0,6600,27
1789782614.011,down0,6500,19
1789782614.037,down0,6400,22
1789782614.061,down0,6300,24
1789782614.085,down0,6200,15
1789782614.107,down0,6100,20
1789782614.131,down0,6000,9
1789782614.154,down0,5900,21
1789782614.178,down0,5800,23
1789782614.2,down0,5700,40
1789782614.222,down0,5600,11
1789782614.245,down0,5500,22
1789782614.268,down0,5400,24
1789782614.292,down0,5300,20
1789782614.316,down0,5200,14
1789782614.341,down0,5100,17
1789782614.367,down0,5000,19
1789782614.39,down0,4900,25
1789782614.414,down0,4800,32
1789782614.438,down0,4700,19
1789782614.46,down0,4600,16
1789782614.483,down0,4500,16
1789782614.505,down0,4400,27
1789782614.528,down0,4300,15
1789782614.55,down0,4200,15
1789782614.573,down0,4100,27
1789782614.595,down0,4000,11
1789782614.619,down0,3900,14
1789782614.64,down0,3800,14
1789782614.662,down0,3700,27
1789782614.685,down0,3600,24
1789782614.708,down0,3500,28
1789782614.73,down0,3400,23
1789782614.753,down0,3300,24
1789782614.776,down0,3200,20
1789782614.799,down0,3100,18
1789782614.823,down0,3000,27
1789782614.845,down0,2900,22
1789782614.869,down0,2800,26
1789782614.889,down0,2700,16
1789782614.912,down0,2600,27
1789782614.935,down0,2500,29
1789782614.958,down0,2400,15
1789782614.98,down0,2300,22
1789782615.003,down0,2200,19
1789782615.028,down0,2100,21
1789782615.051,down0,2000,8
1789782615.074,down0,1900,18
1789782615.095,down0,1800,37
1789782615.116,down0,1700,28
1789782615.138,down0,1600,16
1789782615.159,down0,1500,26
1789782615.179,down0,1400,27
1789782615.2,down0,1300,26
1789782615.221,down0,1200,26
1789782615.244,down0,1100,28
1789782615.267,down0,1000,17
1789782615.29,down0,900,26
1789782615.313,down0,800,22
1789782615.334,down0,700,18
1789782615.356,down0,600,20
1789782615.378,down0,500,22
1789782615.399,down0,400,20
1789782615.42,down0,300,25
1789782615.441,down0,200,20
1789782615.463,down0,100,16
1789782615.484,down0,0,23
1789782615.505,up0,0,19
1789782615.526,up0,100,25
1789782615.547,up0,200,27
1789782615.568,up0,300,27
1789782615.589,up0,400,20
1789782615.609,up0,500,25
1789782615.629,up0,600,23
1789782615.649,up0,700,26
1789782615.671,up0,800,19
1789782615.692,up0,900,27
1789782615.713,up0,1000,30
1789782615.737,up0,1100,23
1789782615.758,up0,1200,28
1789782615.779,up0,1300,23
1789782615.802,up0,1400,16
1789782615.823,up0,1500,22
1789782615.844,up0,1600,21
1789782615.868,up0,1700,12
1789782615.891,up0,1800,25
1789782615.914,up0,1900,16
1789782615.936,up0,2000,29
1789782615.957,up0,2100,23
1789782615.979,up0,2200,27
1789782616.0,up0,2300,19
1789782616.021,up0,2400,31
1789782616.043,up0,2500,26
1789782616.063,up0,2600,23
1789782616.085,up0,2700,34
1789782616.109,up0,2800,32
1789782616.131,up0,2900,27
1789782616.154,up0,3000,21
1789782616.177,up0,3100,14
1789782616.199,up0,3200,23
1789782616.223,up0,3300,33
1789782616.249,up0,3400,20
1789782616.274,up0,3500,8
1789782616.299,up0,3600,8
1789782616.322,up0,3700,27
1789782616.348,up0,3800,19
1789782616.372,up0,3900,20
1789782616.396,up0,4000,21
1789782616.42,up0,4100,35
1789782616.445,up0,4200,29
1789782616.468,up0,4300,12
1789782616.492,up0,4400,24
1789782616.514,up0,4500,28
1789782616.537,up0,4600,33
1789782616.559,up0,4700,19
1789782616.583,up0,4800,26
1789782616.605,up0,4900,13
1789782616.629,up0,5000,28
1789782616.652,up0,5100,13
1789782616.675,up0,5200,19
1789782616.7,up0,5300,19
1789782616.722,up0,5400,33
1789782616.745,up0,5500,15
1789782616.769,up0,5600,34
1789782616.791,up0,5700,27
1789782616.813,up0,5800,33
1789782616.84,up0,5900,31
1789782616.864,up0,6000,18
1789782616.891,up0,6100,23
1789782616.916,up0,6200,27
1789782616.942,up0,6300,-3
1789782616.964,up0,6400,15
1789782616.987,up0,6500,22
1789782617.013,up0,6600,38
1789782617.037,up0,6700,27
1789782617.06,up0,6800,19
1789782617.081,up0,6900,24
1789782617.103,up0,7000,24
1789782617.126,up0,7100,21
1789782617.149,up0,7200,28
1789782617.173,up0,7300,29
1789782617.195,up0,7400,24
1789782617.219,up0,7500,18
1789782617.244,up0,7600,26
1789782617.267,up0,7700,20
1789782617.291,up0,7800,17
1789782617.317,up0,7900,21
1789782617.341,up0,8000,18
1789782617.364,up0,8100,10
1789782617.387,up0,8200,20
1789782617.409,up0,8300,21
1789782617.433,up0,8400,15
1789782617.456,up0,8500,17
1789782617.479,up0,8600,26
1789782617.502,up0,8700,16
1789782617.525,up0,8800,30
1789782617.548,up0,8900,29
1789782617.571,up0,9000,16
1789782617.593,up0,9100,24
1789782617.617,up0,9200,18
1789782617.639,up0,9300,28
1789782617.66,up0,9400,20
1789782617.683,up0,9500,22
1789782617.705,up0,9600,29
1789782617.729,up0,9700,18
1789782617.752,up0,9800,14
1789782617.775,up0,9900,12
1789782617.798,up0,10000,28
1789782617.82,up0,10100,34
1789782617.842,up0,10200,24
1789782617.865,up0,10300,19
1789782617.888,up0,10400,20
1789782617.912,up0,10500,35
1789782617.936,up0,10600,33
1789782617.96,up0,10700,19
1789782617.984,up0,10800,29
1789782618.008,up0,10900,25
1789782618.031,up0,11000,22
1789782618.053,up0,11100,14
1789782618.077,up0,11200,25
1789782618.098,up0,11300,22
1789782618.122,up0,11400,18
1789782618.148,up0,11500,35
1789782618.174,up0,11600,35
1789782618.198,up0,11700,35
1789782618.22,up0,11800,18
1789782618.246,up0,11900,29
1789782618.272,up0,12000,19
1789782618.295,up0,12100,34
1789782618.32,up0,12200,16
1789782618.345,up0,12300,23
1789782618.369,up0,12400,25
1789782618.393,up0,12500,33
1789782618.416,up0,12600,36
1789782618.44,up0,12700,32
1789782618.463,up0,12800,23
1789782618.486,up0,12900,30
1789782618.51,up0,13000,16
1789782618.533,up0,13100,16
1789782618.556,up0,13200,21
1789782618.577,up0,13300,25
1789782618.601,up0,13400,30
1789782618.625,up0,13500,20
1789782618.647,up0,13600,12
1789782618.669,up0,13700,26
1789782618.692,up0,13800,18
1789782618.714,up0,13900,33
1789782618.737,up0,14000,20
1789782618.759,up0,14100,22
1789782618.782,up0,14200,15
1789782618.804,up0,14300,32
1789782618.827,up0,14400,28
1789782618.85,up0,14500,28
1789782618.873,up0,14600,18
1789782618.896,up0,14700,30
1789782618.919,up0,14800,23
1789782618.942,up0,14900,28
1789782618.966,up0,15000,27
1789782618.989,up0,15100,17
1789782619.013,up0,15200,11
1789782619.036,up0,15300,19
1789782619.06,up0,15400,29
1789782619.082,up0,15500,27
1789782619.105,up0,15600,20
1789782619.128,up0,15700,21
1789782619.152,up0,15800,22
1789782619.175,up0,15900,30
1789782619.2,up0,16000,23
1789782619.222,up0,16100,24
1789782619.245,up0,16200,17
1789782619.267,up0,16300,25
1789782619.288,up0,16400,24
1789782619.311,up0,16500,24
1789782619.334,up0,16600,23
1789782619.359,up0,16700,21
1789782619.382,up0,16800,10
1789782619.404,up0,16900,17
1789782619.429,up0,17000,24
1789782619.455,up0,17100,29
1789782619.478,up0,17200,23
1789782619.501,up0,17300,29
1789782619.525,up0,17400,25
1789782619.547,up0,17500,21
1789782619.57,up0,17600,21
1789782619.593,up0,17700,30
1789782619.614,up0,17800,14
1789782619.636,up0,17900,20
1789782619.657,up0,18000,20
1789782619.68,up0,18100,26
1789782619.705,up0,18200,18
1789782619.729,up0,18300,30
1789782619.752,up0,18400,32
1789782619.775,up0,18500,27
1789782619.798,up0,18600,29
1789782619.821,up0,18700,25
1789782619.844,up0,18800,21
1789782619.867,up0,18900,27
1789782619.891,up0,19000,19
1789782619.914,up0,19100,29
1789782619.936,up0,19200,20
1789782619.959,up0,19300,26
1789782619.983,up0,19400,29
1789782620.006,up0,19500,26
1789782620.032,up0,19600,26
1789782620.056,up0,19700,22
1789782620.081,up0,19800,15
1789782620.105,up0,19900,22
1789782620.129,up0,20000,35
1789782620.154,up0,20100,32
1789782620.177,up0,20200,22
1789782620.2,up0,20300,23
1789782620.224,up0,20400,28
1789782620.247,up0,20500,28
1789782620.269,up0,20600,35
1789782620.292,up0,20700,12
1789782620.314,up0,20800,21
1789782620.337,up0,20900,29
1789782620.36,up0,21000,22
1789782620.383,up0,21100,26
1789782620.409,up0,21200,34
1789782620.433,up0,21300,11
1789782620.457,up0,21400,20
1789782620.479,up0,21500,26
1789782620.505,up0,21600,35
1789782620.53,up0,21700,21
1789782620.553,up0,21800,33
1789782620.575,up0,21900,15
1789782620.597,up0,22000,22
1789782620.621,up0,22100,26
1789782620.643,up0,22200,25
1789782620.665,up0,22300,18
1789782620.687,up0,22400,15
1789782620.711,up0,22500,26
1789782620.734,up0,22600,26
1789782620.759,up0,22700,16
1789782620.782,up0,22800,12
1789782620.806,up0,22900,31
1789782620.83,up0,23000,20
1789782620.853,up0,23100,22
1789782620.877,up0,23200,20
1789782620.9,up0,23300,13
1789782620.923,up0,23400,22
1789782620.946,up0,23500,25
1789782620.968,up0,23600,20
1789782620.991,up0,23700,19
1789782621.015,up0,23800,12
1789782621.037,up0,23900,17
1789782621.06,up0,24000,17
1789782621.083,up0,24100,4
1789782621.106,up0,24200,30
1789782621.128,up0,24300,19
1789782621.151,up0,24400,26
1789782621.176,up0,24500,34
1789782621.199,up0,24600,10
1789782621.224,up0,24700,54
1789782621.249,up0,24800,18
1789782621.272,up0,24900,15
1789782621.296,up0,25000,27
1789782621.319,up0,25100,31
1789782621.343,up0,25200,28
1789782621.367,up0,25300,33
1789782621.391,up0,25400,44
1789782621.414,up0,25500,18
1789782621.441,up0,25600,16
1789782621.465,up0,25700,23
1789782621.488,up0,25800,31
1789782621.511,up0,25900,18
1789782621.536,up0,26000,26
1789782621.559,up0,26100,21
1789782621.582,up0,26200,21
1789782621.604,up0,26300,22
1789782621.627,up0,26400,27
1789782621.65,up0,26500,30
1789782621.672,up0,26600,34
1789782621.695,up0,26700,27
1789782621.718,up0,26800,28
1789782621.741,up0,26900,21
1789782621.766,up0,27000,19
1789782621.789,up0,27100,24
1789782621.812,up0,27200,35
1789782621.835,up0,27300,31
1789782621.857,up0,27400,31
1789782621.879,up0,27500,12
1789782621.902,up0,27600,23
1789782621.925,up0,27700,18
1789782621.948,up0,27800,27
1789782621.972,up0,27900,15
1789782621.995,up0,28000,26
1789782622.017,up0,28100,18
1789782622.041,up0,28200,21
1789782622.067,up0,28300,19
1789782622.092,up0,28400,17
1789782622.117,up0,28500,23
1789782622.139,up0,28600,31
1789782622.163,up0,28700,20
1789782622.186,up0,28800,25
1789782622.209,up0,28900,19
1789782622.232,up0,29000,12
1789782622.255,up0,29100,34
1789782622.279,up0,29200,26
1789782622.303,up0,29300,21
1789782622.326,up0,29400,22
1789782622.349,up0,29500,8
1789782622.371,up0,29600,22
1789782622.395,up0,29700,20
1789782622.418,up0,29800,28
1789782622.441,up0,29900,24
1789782622.463,up0,30000,16
1789782622.487,up0,30100,31
1789782622.512,up0,30200,40
1789782622.539,up0,30300,47
1789782622.562,up0,30400,25
1789782622.584,up0,30500,30
1789782622.606,up0,30600,26
1789782622.627,up0,30700,22
1789782622.648,up0,30800,24
1789782622.669,up0,30900,29
1789782622.691,up0,31000,24
1789782622.713,up0,31100,27
1789782622.736,up0,31200,24
1789782622.757,up0,31300,21
1789782622.78,up0,31400,23
1789782622.804,up0,31500,25
1789782622.828,up0,31600,26
1789782622.851,up0,31700,22
1789782622.874,up0,31800,23
1789782622.897,up0,31900,31
1789782622.92,up0,32000,14
1789782622.944,up0,32100,24
1789782622.968,up0,32200,23
1789782622.995,up0,32300,31
1789782623.022,up0,32400,26
1789782623.048,up0,32500,24
1789782623.073,up0,32600,20
1789782623.098,up0,32700,24
1789782623.12,up0,32800,32
1789782623.143,up0,32900,18
1789782623.166,up0,33000,26
1789782623.189,up0,33100,21
1789782623.212,up0,33200,26
1789782623.234,up0,33300,31
1789782623.255,up0,33400,25
1789782623.279,up0,33500,29
1789782623.305,up0,33600,26
1789782623.331,up0,33700,16
1789782623.355,up0,33800,30
1789782623.379,up0,33900,26
1789782623.402,up0,34000,26
1789782623.424,up0,34100,27
1789782623.45,up0,34200,35
1789782623.474,up0,34300,26
1789782623.497,up0,34400,24
1789782623.521,up0,34500,14
1789782623.544,up0,34600,19
1789782623.569,up0,34700,19
1789782623.594,up0,34800,21
1789782623.617,up0,34900,38
1789782623.64,up0,35000,16
1789782623.661,up0,35100,34
1789782623.684,up0,35200,42
1789782623.707,up0,35300,30
1789782623.73,up0,35400,23
1789782623.753,up0,35500,31
1789782623.775,up0,35600,22
1789782623.798,up0,35700,23
1789782623.822,up0,35800,31
1789782623.845,up0,35900,30
1789782623.867,up0,36000,35
1789782623.889,up0,36100,34
1789782623.912,up0,36200,37
1789782623.934,up0,36300,32
1789782623.958,up0,36400,25
1789782623.982,up0,36500,20
1789782624.006,up0,36600,16
1789782624.03,up0,36700,41
1789782624.052,up0,36800,26
1789782624.078,up0,36900,17
1789782624.103,up0,37000,26
1789782624.125,up0,37100,19
1789782624.149,up0,37200,30
1789782624.175,up0,37300,18
1789782624.199,up0,37400,26
1789782624.222,up0,37500,11
1789782624.247,up0,37600,27
1789782624.271,up0,37700,24
1789782624.296,up0,37800,26
1789782624.321,up0,37900,22
1789782624.343,up0,38000,18
1789782624.367,up0,38100,23
1789782624.389,up0,38200,19
1789782624.412,up0,38300,18
1789782624.435,up0,38400,21
1789782624.461,up0,38500,23
1789782624.486,up0,38600,27
1789782624.511,up0,38700,29
1789782624.536,up0,38800,46
1789782624.561,up0,38900,17
1789782624.583,up0,39000,14
1789782624.608,up0,39100,28
1789782624.631,up0,39200,15
1789782624.653,up0,39300,17
1789782624.676,up0,39400,25
1789782624.701,up0,39500,33
1789782624.726,up0,39600,16
1789782624.75,up0,39700,23
1789782624.772,up0,39800,29
1789782624.795,up0,39900,18
1789782624.817,up0,40000,16
1789782624.84,up0,40100,13
1789782624.863,up0,40200,18
1789782624.885,up0,40300,22
1789782624.909,up0,40400,22
1789782624.933,up0,40500,16
1789782624.959,up0,40600,19
1789782624.984,up0,40700,23
1789782625.008,up0,40800,16
1789782625.032,up0,40900,12
1789782625.056,up0,41000,22
1789782625.079,up0,41100,18
1789782625.102,up0,41200,29
1789782625.122,up0,41300,36
1789782625.145,up0,41400,14
1789782625.17,up0,41500,32
1789782625.195,up0,41600,33
1789782625.219,up0,41700,23
1789782625.243,up0,41800,23
1789782625.266,up0,41900,31
1789782625.288,up0,42000,33
1789782625.31,up0,42100,30
1789782625.332,up0,42200,28
1789782625.355,up0,42300,26
1789782625.379,up0,42400,32
1789782625.402,up0,42500,31
1789782625.424,up0,42600,27
1789782625.449,up0,42700,18
1789782625.474,up0,42800,34
1789782625.499,up0,42900,25
1789782625.522,up0,43000,22
1789782625.545,up0,43100,28
1789782625.569,up0,43200,17
1789782625.592,up0,43300,31
1789782625.614,up0,43400,6
1789782625.637,up0,43500,29
1789782625.658,up0,43600,8
1789782625.68,up0,43700,16
1789782625.703,up0,43800,23
1789782625.727,up0,43900,24
1789782625.75,up0,44000,22
1789782625.777,up0,44100,21
1789782625.801,up0,44200,6
1789782625.824,up0,44300,21
1789782625.847,up0,44400,22
1789782625.869,up0,44500,20
1789782625.892,up0,44600,20
1789782625.914,up0,44700,25
1789782625.937,up0,44800,29
1789782625.96,up0,44900,25
1789782625.984,up0,45000,41
1789782626.007,up0,45100,22
1789782626.03,up0,45200,28
1789782626.053,up0,45300,23
1789782626.077,up0,45400,18
1789782626.1,up0,45500,22
1789782626.126,up0,45600,11
1789782626.149,up0,45700,18
1789782626.173,up0,45800,39
1789782626.196,up0,45900,33
1789782626.222,up0,46000,27
1789782626.246,up0,46100,33
1789782626.269,up0,46200,29
1789782626.292,up0,46300,18
1789782626.315,up0,46400,15
1789782626.339,up0,46500,25
1789782626.364,up0,46600,32
1789782626.387,up0,46700,28
1789782626.411,up0,46800,28
1789782626.434,up0,46900,30
1789782626.458,up0,47000,15
1789782626.484,up0,47100,33
1789782626.507,up0,47200,23
1789782626.531,up0,47300,26
1789782626.554,up0,47400,24
1789782626.577,up0,47500,25
1789782626.598,up0,47600,30
1789782626.621,up0,47700,31
1789782626.644,up0,47800,10
1789782626.668,up0,47900,15
1789782626.694,up0,48000,35
1789782626.717,up0,48100,32
1789782626.739,up0,48200,29
1789782626.762,up0,48300,28
1789782626.788,up0,48400,25
1789782626.812,up0,48500,21
1789782626.835,up0,48600,26
1789782626.858,up0,48700,26
1789782626.882,up0,48800,28
1789782626.905,up0,48900,35
1789782626.931,up0,49000,41
1789782626.956,up0,49100,36
1789782626.981,up0,49200,22
1789782627.006,up0,49300,41
1789782627.029,up0,49400,23
1789782627.053,up0,49500,31
1789782627.076,up0,49600,33
1789782627.099,up0,49700,31
1789782627.122,up0,49800,7
1789782627.145,up0,49900,23
1789782627.172,up0,50000,26
1789782627.196,down1,50000,30
1789782627.219,down1,49900,35
1789782627.242,down1,49800,18
1789782627.265,down1,49700,32
1789782627.29,down1,49600,33
1789782627.314,down1,49500,28
1789782627.339,down1,49400,22
1789782627.363,down1,49300,30
1789782627.385,down1,49200,28
1789782627.408,down1,49100,24
1789782627.431,down1,49000,24
1789782627.455,down1,48900,35
1789782627.481,down1,48800,22
1789782627.504,down1,48700,46
1789782627.527,down1,48600,17
1789782627.551,down1,48500,33
1789782627.573,down1,48400,36
1789782627.593,down1,48300,28
1789782627.618,down1,48200,33
1789782627.641,down1,48100,28
1789782627.662,down1,48000,26
1789782627.684,down1,47900,43
1789782627.708,down1,47800,28
1789782627.731,down1,47700,28
1789782627.756,down1,47600,29
1789782627.781,down1,47500,35
1789782627.808,down1,47400,33
1789782627.83,down1,47300,25
1789782627.853,down1,47200,36
1789782627.875,down1,47100,19
1789782627.898,down1,47000,39
1789782627.92,down1,46900,34
1789782627.942,down1,46800,25
1789782627.964,down1,46700,31
1789782627.986,down1,46600,16
1789782628.01,down1,46500,21
1789782628.032,down1,46400,22
1789782628.056,down1,46300,18
1789782628.079,down1,46200,26
1789782628.101,down1,46100,24
1789782628.122,down1,46000,23
1789782628.143,down1,45900,26
1789782628.164,down1,45800,27
1789782628.184,down1,45700,29
1789782628.206,down1,45600,25
1789782628.229,down1,45500,21
1789782628.253,down1,45400,39
1789782628.276,down1,45300,29
1789782628.298,down1,45200,26
1789782628.319,down1,45100,24
1789782628.34,down1,45000,23
1789782628.361,down1,44900,33
1789782628.383,down1,44800,29
1789782628.405,down1,44700,20
1789782628.428,down1,44600,17
1789782628.452,down1,44500,11
1789782628.473,down1,44400,18
1789782628.496,down1,44300,17
1789782628.52,down1,44200,37
1789782628.543,down1,44100,26
1789782628.566,down1,44000,33
1789782628.588,down1,43900,38
1789782628.61,down1,43800,30
1789782628.631,down1,43700,32
1789782628.651,down1,43600,23
1789782628.672,down1,43500,26
1789782628.693,down1,43400,26
1789782628.715,down1,43300,35
1789782628.739,down1,43200,18
1789782628.762,down1,43100,39
1789782628.784,down1,43000,35
1789782628.806,down1,42900,34
1789782628.826,down1,42800,31
1789782628.848,down1,42700,30
1789782628.87,down1,42600,27
1789782628.893,down1,42500,26
1789782628.915,down1,42400,29
1789782628.936,down1,42300,24
1789782628.956,down1,42200,30
1789782628.977,down1,42100,43
1789782629.001,down1,42000,46
1789782629.025,down1,41900,43
1789782629.047,down1,41800,33
1789782629.069,down1,41700,36
1789782629.09,down1,41600,39
1789782629.111,down1,41500,30
1789782629.132,down1,41400,38
1789782629.158,down1,41300,35
1789782629.184,down1,41200,29
1789782629.208,down1,41100,49
1789782629.231,down1,41000,41
1789782629.254,down1,40900,29
1789782629.278,down1,40800,35
1789782629.304,down1,40700,31
1789782629.329,down1,40600,37
1789782629.354,down1,40500,30
1789782629.377,down1,40400,47
1789782629.401,down1,40300,39
1789782629.424,down1,40200,44
1789782629.448,down1,40100,38
1789782629.474,down1,40000,34
1789782629.497,down1,39900,33
1789782629.521,down1,39800,43
1789782629.545,down1,39700,23
1789782629.568,down1,39600,35
1789782629.59,down1,39500,27
1789782629.612,down1,39400,26
1789782629.635,down1,39300,28
1789782629.655,down1,39200,38
1789782629.676,down1,39100,25
1789782629.699,down1,39000,33
1789782629.722,down1,38900,25
1789782629.744,down1,38800,24
1789782629.768,down1,38700,24
1789782629.79,down1,38600,28
1789782629.813,down1,38500,41
1789782629.837,down1,38400,51
1789782629.861,down1,38300,11
1789782629.887,down1,38200,24
1789782629.91,down1,38100,25
1789782629.936,down1,38000,25
1789782629.961,down1,37900,33
1789782629.986,down1,37800,36
1789782630.01,down1,37700,45
1789782630.033,down1,37600,36
1789782630.056,down1,37500,29
1789782630.079,down1,37400,33
1789782630.103,down1,37300,28
1789782630.126,down1,37200,38
1789782630.149,down1,37100,33
1789782630.172,down1,37000,41
1789782630.195,down1,36900,27
1789782630.218,down1,36800,40
1789782630.241,down1,36700,41
1789782630.265,down1,36600,29
1789782630.29,down1,36500,28
1789782630.312,down1,36400,22
1789782630.336,down1,36300,49
1789782630.359,down1,36200,34
1789782630.382,down1,36100,53
1789782630.403,down1,36000,39
1789782630.424,down1,35900,41
1789782630.444,down1,35800,42
1789782630.466,down1,35700,29
1789782630.487,down1,35600,32
1789782630.51,down1,35500,32
1789782630.534,down1,35400,40
1789782630.557,down1,35300,25
1789782630.58,down1,35200,23
1789782630.603,down1,35100,43
1789782630.628,down1,35000,39
1789782630.651,down1,34900,38
1789782630.673,down1,34800,39
1789782630.695,down1,34700,22
1789782630.716,down1,34600,31
1789782630.737,down1,34500,39
1789782630.758,down1,34400,36
1789782630.779,down1,34300,34
1789782630.8,down1,34200,29
1789782630.823,down1,34100,20
1789782630.844,down1,34000,32
1789782630.866,down1,33900,30
1789782630.888,down1,33800,26
1789782630.911,down1,33700,32
1789782630.937,down1,33600,38
1789782630.962,down1,33500,35
1789782630.984,down1,33400,29
1789782631.007,down1,33300,34
1789782631.028,down1,33200,31
1789782631.052,down1,33100,36
1789782631.075,down1,33000,31
1789782631.102,down1,32900,32
1789782631.127,down1,32800,36
1789782631.149,down1,32700,37
1789782631.172,down1,32600,31
1789782631.193,down1,32500,27
1789782631.214,down1,32400,26
1789782631.234,down1,32300,35
1789782631.256,down1,32200,34
1789782631.277,down1,32100,29
1789782631.297,down1,32000,26
1789782631.318,down1,31900,33
1789782631.338,down1,31800,29
1789782631.36,down1,31700,31
1789782631.38,down1,31600,34
1789782631.401,down1,31500,27
1789782631.423,down1,31400,32
1789782631.444,down1,31300,25
1789782631.467,down1,31200,23
1789782631.489,down1,31100,25
1789782631.511,down1,31000,26
1789782631.535,down1,30900,37
1789782631.56,down1,30800,30
1789782631.584,down1,30700,27
1789782631.606,down1,30600,30
1789782631.629,down1,30500,26
1789782631.651,down1,30400,36
1789782631.673,down1,30300,27
1789782631.695,down1,30200,29
1789782631.718,down1,30100,36
1789782631.74,down1,30000,30
1789782631.763,down1,29900,23
1789782631.789,down1,29800,50
1789782631.814,down1,29700,31
1789782631.837,down1,29600,34
1789782631.861,down1,29500,17
1789782631.885,down1,29400,20
1789782631.91,down1,29300,21
1789782631.936,down1,29200,26
1789782631.961,down1,29100,17
1789782631.987,down1,29000,40
1789782632.011,down1,28900,37
1789782632.033,down1,28800,28
1789782632.056,down1,28700,36
1789782632.079,down1,28600,34
1789782632.102,down1,28500,37
1789782632.125,down1,28400,36
1789782632.148,down1,28300,39
1789782632.175,down1,28200,20
1789782632.199,down1,28100,32
1789782632.223,down1,28000,36
1789782632.246,down1,27900,36
1789782632.268,down1,27800,37
1789782632.292,down1,27700,39
1789782632.315,down1,27600,35
1789782632.338,down1,27500,38
1789782632.361,down1,27400,15
1789782632.384,down1,27300,26
1789782632.406,down1,27200,35
1789782632.428,down1,27100,23
1789782632.451,down1,27000,42
1789782632.474,down1,26900,35
1789782632.498,down1,26800,35
1789782632.522,down1,26700,37
1789782632.547,down1,26600,41
1789782632.569,down1,26500,32
1789782632.59,down1,26400,18
1789782632.612,down1,26300,19
1789782632.635,down1,26200,22
1789782632.657,down1,26100,18
1789782632.679,down1,26000,28
1789782632.7,down1,25900,19
1789782632.721,down1,25800,25
1789782632.741,down1,25700,35
1789782632.761,down1,25600,30
1789782632.782,down1,25500,32
1789782632.803,down1,25400,35
1789782632.826,down1,25300,22
1789782632.848,down1,25200,25
1789782632.871,down1,25100,30
1789782632.896,down1,25000,14
1789782632.919,down1,24900,34
1789782632.942,down1,24800,28
1789782632.963,down1,24700,35
1789782632.984,down1,24600,31
1789782633.005,down1,24500,28
1789782633.026,down1,24400,29
1789782633.047,down1,24300,26
1789782633.068,down1,24200,30
1789782633.092,down1,24100,19
1789782633.117,down1,24000,29
1789782633.14,down1,23900,19
1789782633.164,down1,23800,36
1789782633.19,down1,23700,31
1789782633.213,down1,23600,28
1789782633.237,down1,23500,11
1789782633.26,down1,23400,23
1789782633.284,down1,23300,28
1789782633.307,down1,23200,33
1789782633.331,down1,23100,13
1789782633.356,down1,23000,10
1789782633.379,down1,22900,27
1789782633.401,down1,22800,27
1789782633.425,down1,22700,19
1789782633.447,down1,22600,22
1789782633.469,down1,22500,24
1789782633.491,down1,22400,21
1789782633.514,down1,22300,26
1789782633.535,down1,22200,26
1789782633.557,down1,22100,25
1789782633.579,down1,22000,30
1789782633.599,down1,21900,21
1789782633.621,down1,21800,28
1789782633.642,down1,21700,36
1789782633.662,down1,21600,28
1789782633.683,down1,21500,25
1789782633.704,down1,21400,28
1789782633.727,down1,21300,8
1789782633.749,down1,21200,29
1789782633.77,down1,21100,30
1789782633.791,down1,21000,36
1789782633.814,down1,20900,33
1789782633.837,down1,20800,21
1789782633.859,down1,20700,28
1789782633.884,down1,20600,6
1789782633.909,down1,20500,33
1789782633.934,down1,20400,24
1789782633.957,down1,20300,29
1789782633.98,down1,20200,27
1789782634.005,down1,20100,34
1789782634.028,down1,20000,29
1789782634.052,down1,19900,30
1789782634.075,down1,19800,29
1789782634.098,down1,19700,29
1789782634.122,down1,19600,30
1789782634.146,down1,19500,22
1789782634.169,down1,19400,34
1789782634.192,down1,19300,30
1789782634.215,down1,19200,37
1789782634.239,down1,19100,39
1789782634.262,down1,19000,32
1789782634.289,down1,18900,47
1789782634.312,down1,18800,35
1789782634.335,down1,18700,31
1789782634.359,down1,18600,18
1789782634.382,down1,18500,23
1789782634.406,down1,18400,27
1789782634.431,down1,18300,9
1789782634.456,down1,18200,13
1789782634.48,down1,18100,26
1789782634.503,down1,18000,21
1789782634.529,down1,17900,11
1789782634.554,down1,17800,26
1789782634.577,down1,17700,31
1789782634.6,down1,17600,28
1789782634.622,down1,17500,28
1789782634.646,down1,17400,22
1789782634.667,down1,17300,25
1789782634.69,down1,17200,25
1789782634.713,down1,17100,24
1789782634.736,down1,17000,28
1789782634.759,down1,16900,31
1789782634.782,down1,16800,19
1789782634.806,down1,16700,25
1789782634.828,down1,16600,23
1789782634.849,down1,16500,26
1789782634.871,down1,16400,21
1789782634.893,down1,16300,18
1789782634.914,down1,16200,19
1789782634.935,down1,16100,22
1789782634.956,down1,16000,21
1789782634.98,down1,15900,30
1789782635.004,down1,15800,19
1789782635.028,down1,15700,18
1789782635.051,down1,15600,33
1789782635.072,down1,15500,25
1789782635.093,down1,15400,16
1789782635.114,down1,15300,20
1789782635.139,down1,15200,26
1789782635.163,down1,15100,12
1789782635.186,down1,15000,15
1789782635.208,down1,14900,30
1789782635.23,down1,14800,9
1789782635.252,down1,14700,26
1789782635.273,down1,14600,18
1789782635.293,down1,14500,19
1789782635.314,down1,14400,28
1789782635.335,down1,14300,19
1789782635.357,down1,14200,13
1789782635.38,down1,14100,23
1789782635.401,down1,14000,21
1789782635.422,down1,13900,30
1789782635.446,down1,13800,3
1789782635.47,down1,13700,23
1789782635.491,down1,13600,25
1789782635.514,down1,13500,13
1789782635.537,down1,13400,16
1789782635.56,down1,13300,19
1789782635.583,down1,13200,29
1789782635.603,down1,13100,16
1789782635.624,down1,13000,18
1789782635.648,down1,12900,27
1789782635.67,down1,12800,32
1789782635.693,down1,12700,28
1789782635.717,down1,12600,26
1789782635.742,down1,12500,24
1789782635.768,down1,12400,24
1789782635.792,down1,12300,20
1789782635.815,down1,12200,29
1789782635.837,down1,12100,21
1789782635.86,down1,12000,16
1789782635.882,down1,11900,29
1789782635.905,down1,11800,15
1789782635.928,down1,11700,35
1789782635.951,down1,11600,26
1789782635.975,down1,11500,34
1789782636.001,down1,11400,17
1789782636.024,down1,11300,22
1789782636.049,down1,11200,22
1789782636.072,down1,11100,29
1789782636.093,down1,11000,21
1789782636.116,down1,10900,16
1789782636.139,down1,10800,16
1789782636.163,down1,10700,9
1789782636.188,down1,10600,35
1789782636.212,down1,10500,24
1789782636.237,down1,10400,21
1789782636.262,down1,10300,30
1789782636.288,down1,10200,22
1789782636.311,down1,10100,10
1789782636.334,down1,10000,14
1789782636.357,down1,9900,15
1789782636.38,down1,9800,13
1789782636.403,down1,9700,13
1789782636.427,down1,9600,6
1789782636.45,down1,9500,16
1789782636.473,down1,9400,23
1789782636.498,down1,9300,18
1789782636.521,down1,9200,13
1789782636.544,down1,9100,24
1789782636.566,down1,9000,26
1789782636.588,down1,8900,19
1789782636.61,down1,8800,19
1789782636.634,down1,8700,18
1789782636.657,down1,8600,13
1789782636.679,down1,8500,29
1789782636.701,down1,8400,30
1789782636.726,down1,8300,15
1789782636.748,down1,8200,25
1789782636.771,down1,8100,22
1789782636.794,down1,8000,22
1789782636.815,down1,7900,20
1789782636.837,down1,7800,18
1789782636.859,down1,7700,20
1789782636.882,down1,7600,30
1789782636.904,down1,7500,12
1789782636.928,down1,7400,24
1789782636.95,down1,7300,26
1789782636.971,down1,7200,27
1789782636.994,down1,7100,33
1789782637.017,down1,7000,18
1789782637.04,down1,6900,19
1789782637.064,down1,6800,27
1789782637.086,down1,6700,18
1789782637.108,down1,6600,22
1789782637.13,down1,6500,20
1789782637.152,down1,6400,13
1789782637.175,down1,6300,24
1789782637.197,down1,6200,19
1789782637.218,down1,6100,27
1789782637.24,down1,6000,29
1789782637.262,down1,5900,34
1789782637.286,down1,5800,30
1789782637.308,down1,5700,26
1789782637.332,down1,5600,27
1789782637.355,down1,5500,15
1789782637.378,down1,5400,24
1789782637.403,down1,5300,25
1789782637.427,down1,5200,26
1789782637.45,down1,5100,33
1789782637.473,down1,5000,24
1789782637.496,down1,4900,18
1789782637.518,down1,4800,14
1789782637.541,down1,4700,20
1789782637.565,down1,4600,36
1789782637.586,down1,4500,23
1789782637.608,down1,4400,26
1789782637.63,down1,4300,29
1789782637.653,down1,4200,22
1789782637.675,down1,4100,28
1789782637.697,down1,4000,18
1789782637.721,down1,3900,31
1789782637.744,down1,3800,28
1789782637.767,down1,3700,28
1789782637.79,down1,3600,23
1789782637.813,down1,3500,36
1789782637.836,down1,3400,10
1789782637.859,down1,3300,33
1789782637.882,down1,3200,25
1789782637.904,down1,3100,12
1789782637.927,down1,3000,28
1789782637.949,down1,2900,29
1789782637.972,down1,2800,15
1789782637.995,down1,2700,40
1789782638.018,down1,2600,27
1789782638.042,down1,2500,21
1789782638.068,down1,2400,43
1789782638.091,down1,2300,34
1789782638.115,down1,2200,19
1789782638.139,down1,2100,31
1789782638.163,down1,2000,26
1789782638.186,down1,1900,29
1789782638.209,down1,1800,19
1789782638.234,down1,1700,17
1789782638.26,down1,1600,32
1789782638.284,down1,1500,24
1789782638.307,down1,1400,21
1789782638.33,down1,1300,41
1789782638.353,down1,1200,32
1789782638.377,down1,1100,28
1789782638.4,down1,1000,47
1789782638.424,down1,900,18
1789782638.446,down1,800,35
1789782638.468,down1,700,23
1789782638.49,down1,600,25
1789782638.513,down1,500,32
1789782638.536,down1,400,28
1789782638.559,down1,300,22
1789782638.582,down1,200,19
1789782638.604,down1,100,24
1789782638.626,down1,0,35
1789782638.649,up1,0,33
1789782638.67,up1,100,25
1789782638.692,up1,200,35
1789782638.715,up1,300,34
1789782638.738,up1,400,33
1789782638.761,up1,500,29
1789782638.783,up1,600,34
1789782638.806,up1,700,19
1789782638.83,up1,800,24
1789782638.853,up1,900,28
1789782638.878,up1,1000,24
1789782638.901,up1,1100,25
1789782638.926,up1,1200,21
1789782638.951,up1,1300,37
1789782638.975,up1,1400,25
1789782638.999,up1,1500,17
1789782639.022,up1,1600,30
1789782639.044,up1,1700,38
1789782639.068,up1,1800,32
1789782639.091,up1,1900,30
1789782639.116,up1,2000,26
1789782639.14,up1,2100,32
1789782639.165,up1,2200,18
1789782639.19,up1,2300,28
1789782639.215,up1,2400,36
1789782639.238,up1,2500,28
1789782639.26,up1,2600,36
1789782639.282,up1,2700,28
1789782639.305,up1,2800,20
1789782639.328,up1,2900,34
1789782639.35,up1,3000,33
1789782639.373,up1,3100,24
1789782639.396,up1,3200,34
1789782639.419,up1,3300,22
1789782639.442,up1,3400,38
1789782639.464,up1,3500,36
1789782639.487,up1,3600,35
1789782639.51,up1,3700,27
1789782639.533,up1,3800,11
1789782639.556,up1,3900,25
1789782639.579,up1,4000,16
1789782639.601,up1,4100,21
1789782639.623,up1,4200,21
1789782639.647,up1,4300,28
1789782639.668,up1,4400,25
1789782639.691,up1,4500,15
1789782639.714,up1,4600,33
1789782639.737,up1,4700,16
1789782639.76,up1,4800,24
1789782639.784,up1,4900,26
1789782639.807,up1,5000,38
1789782639.829,up1,5100,36
1789782639.854,up1,5200,17
1789782639.88,up1,5300,21
1789782639.906,up1,5400,28
1789782639.93,up1,5500,24
1789782639.952,up1,5600,32
1789782639.975,up1,5700,22
1789782639.999,up1,5800,21
1789782640.022,up1,5900,18
1789782640.045,up1,6000,21
1789782640.068,up1,6100,24
1789782640.092,up1,6200,25
1789782640.118,up1,6300,18
1789782640.142,up1,6400,32
1789782640.165,up1,6500,39
1789782640.187,up1,6600,34
1789782640.209,up1,6700,33
1789782640.232,up1,6800,27
1789782640.256,up1,6900,28
1789782640.278,up1,7000,33
1789782640.302,up1,7100,15
1789782640.325,up1,7200,25
1789782640.347,up1,7300,23
1789782640.37,up1,7400,28
1789782640.394,up1,7500,27
1789782640.417,up1,7600,19
1789782640.44,up1,7700,32
1789782640.462,up1,7800,42
1789782640.485,up1,7900,11
1789782640.508,up1,8000,26
1789782640.533,up1,8100,22
1789782640.558,up1,8200,23
1789782640.581,up1,8300,26
1789782640.603,up1,8400,17
1789782640.626,up1,8500,15
1789782640.648,up1,8600,26
1789782640.67,up1,8700,26
1789782640.693,up1,8800,21
1789782640.716,up1,8900,21
1789782640.739,up1,9000,28
1789782640.762,up1,9100,24
1789782640.785,up1,9200,24
1789782640.808,up1,9300,26
1789782640.831,up1,9400,32
1789782640.854,up1,9500,26
1789782640.876,up1,9600,31
1789782640.899,up1,9700,40
1789782640.921,up1,9800,19
1789782640.944,up1,9900,15
1789782640.966,up1,10000,21
1789782640.989,up1,10100,9
1789782641.012,up1,10200,22
1789782641.035,up1,10300,30
1789782641.061,up1,10400,26
1789782641.083,up1,10500,24
1789782641.106,up1,10600,36
1789782641.131,up1,10700,26
1789782641.153,up1,10800,16
1789782641.176,up1,10900,26
1789782641.198,up1,11000,17
1789782641.219,up1,11100,19
1789782641.242,up1,11200,20
1789782641.268,up1,11300,19
1789782641.294,up1,11400,21
1789782641.32,up1,11500,21
1789782641.344,up1,11600,40
1789782641.367,up1,11700,24
1789782641.39,up1,11800,16
1789782641.413,up1,11900,13
1789782641.436,up1,12000,27
1789782641.46,up1,12100,30
1789782641.483,up1,12200,26
1789782641.506,up1,12300,28
1789782641.532,up1,12400,26
1789782641.556,up1,12500,18
1789782641.58,up1,12600,26
1789782641.603,up1,12700,19
1789782641.626,up1,12800,24
1789782641.648,up1,12900,28
1789782641.67,up1,13000,19
1789782641.693,up1,13100,17
1789782641.716,up1,13200,29
1789782641.739,up1,13300,22
1789782641.763,up1,13400,30
1789782641.787,up1,13500,17
1789782641.811,up1,13600,46
1789782641.838,up1,13700,25
1789782641.861,up1,13800,26
1789782641.883,up1,13900,36
1789782641.906,up1,14000,12
1789782641.928,up1,14100,20
1789782641.951,up1,14200,34
1789782641.974,up1,14300,14
1789782642.0,up1,14400,3
1789782642.024,up1,14500,16
1789782642.048,up1,14600,19
1789782642.073,up1,14700,8
1789782642.096,up1,14800,7
1789782642.119,up1,14900,33
1789782642.142,up1,15000,24
1789782642.164,up1,15100,23
1789782642.187,up1,15200,9
1789782642.209,up1,15300,13
1789782642.233,up1,15400,26
1789782642.258,up1,15500,30
1789782642.283,up1,15600,19
1789782642.309,up1,15700,27
1789782642.331,up1,15800,29
1789782642.355,up1,15900,17
1789782642.377,up1,16000,27
1789782642.4,up1,16100,30
1789782642.423,up1,16200,30
1789782642.446,up1,16300,31
1789782642.468,up1,16400,24
1789782642.491,up1,16500,24
1789782642.514,up1,16600,37
1789782642.537,up1,16700,31
1789782642.56,up1,16800,16
1789782642.584,up1,16900,35
1789782642.606,up1,17000,22
1789782642.63,up1,17100,32
1789782642.652,up1,17200,24
1789782642.673,up1,17300,34
1789782642.696,up1,17400,23
1789782642.718,up1,17500,22
1789782642.74,up1,17600,33
1789782642.763,up1,17700,31
1789782642.785,up1,17800,26
1789782642.808,up1,17900,25
1789782642.831,up1,18000,40
1789782642.857,up1,18100,34
1789782642.882,up1,18200,20
1789782642.906,up1,18300,23
1789782642.93,up1,18400,33
1789782642.953,up1,18500,37
1789782642.977,up1,18600,28
1789782642.999,up1,18700,33
1789782643.02,up1,18800,34
1789782643.042,up1,18900,29
1789782643.065,up1,19000,31
1789782643.086,up1,19100,35
1789782643.108,up1,19200,30
1789782643.13,up1,19300,28
1789782643.152,up1,19400,35
1789782643.174,up1,19500,35
1789782643.197,up1,19600,40
1789782643.221,up1,19700,36
1789782643.248,up1,19800,42
1789782643.273,up1,19900,27
1789782643.297,up1,20000,39
1789782643.321,up1,20100,34
1789782643.348,up1,20200,45
1789782643.371,up1,20300,27
1789782643.394,up1,20400,31
1789782643.419,up1,20500,35
1789782643.444,up1,20600,32
1789782643.468,up1,20700,25
1789782643.491,up1,20800,28
1789782643.513,up1,20900,24
1789782643.534,up1,21000,24
1789782643.556,up1,21100,20
1789782643.577,up1,21200,27
1789782643.597,up1,21300,37
1789782643.619,up1,21400,31
1789782643.639,up1,21500,22
1789782643.659,up1,21600,27
1789782643.68,up1,21700,31
1789782643.702,up1,21800,29
1789782643.723,up1,21900,31
1789782643.744,up1,22000,31
1789782643.767,up1,22100,32
1789782643.79,up1,22200,34
1789782643.814,up1,22300,27
1789782643.837,up1,22400,27
1789782643.86,up1,22500,21
1789782643.886,up1,22600,24
1789782643.912,up1,22700,25
1789782643.936,up1,22800,22
1789782643.959,up1,22900,35
1789782643.983,up1,23000,33
1789782644.006,up1,23100,36
1789782644.029,up1,23200,48
1789782644.054,up1,23300,32
1789782644.076,up1,23400,23
1789782644.097,up1,23500,28
1789782644.12,up1,23600,47
1789782644.143,up1,23700,28
1789782644.165,up1,23800,30
1789782644.187,up1,23900,35
1789782644.21,up1,24000,32
1789782644.232,up1,24100,24
1789782644.254,up1,24200,34
1789782644.275,up1,24300,32
1789782644.299,up1,24400,22
1789782644.322,up1,24500,19
1789782644.346,up1,24600,13
1789782644.37,up1,24700,26
1789782644.393,up1,24800,25
1789782644.416,up1,24900,19
1789782644.438,up1,25000,30
1789782644.462,up1,25100,14
1789782644.486,up1,25200,40
1789782644.509,up1,25300,18
1789782644.53,up1,25400,30
1789782644.551,up1,25500,27
1789782644.573,up1,25600,30
1789782644.593,up1,25700,24
1789782644.614,up1,25800,25
1789782644.635,up1,25900,21
1789782644.655,up1,26000,26
1789782644.675,up1,26100,27
1789782644.697,up1,26200,37
1789782644.718,up1,26300,30
1789782644.739,up1,26400,27
1789782644.761,up1,26500,31
1789782644.784,up1,26600,26
1789782644.808,up1,26700,26
1789782644.83,up1,26800,32
1789782644.852,up1,26900,17
1789782644.875,up1,27000,20
1789782644.899,up1,27100,35
1789782644.925,up1,27200,22
1789782644.949,up1,27300,36
1789782644.973,up1,27400,32
1789782644.996,up1,27500,27
1789782645.019,up1,27600,20
1789782645.044,up1,27700,43
1789782645.069,up1,27800,34
1789782645.091,up1,27900,28
1789782645.114,up1,28000,29
1789782645.137,up1,28100,26
1789782645.16,up1,28200,22
1789782645.183,up1,28300,31
1789782645.206,up1,28400,21
1789782645.228,up1,28500,25
1789782645.249,up1,28600,28
1789782645.272,up1,28700,22
1789782645.295,up1,28800,40
1789782645.319,up1,28900,20
1789782645.344,up1,29000,22
1789782645.368,up1,29100,31
1789782645.392,up1,29200,38
1789782645.416,up1,29300,18
1789782645.439,up1,29400,18
1789782645.462,up1,29500,24
1789782645.484,up1,29600,25
1789782645.508,up1,29700,31
1789782645.532,up1,29800,32
1789782645.554,up1,29900,25
1789782645.576,up1,30000,27
1789782645.598,up1,30100,23
1789782645.62,up1,30200,23
1789782645.642,up1,30300,28
1789782645.664,up1,30400,42
1789782645.687,up1,30500,26
1789782645.71,up1,30600,26
1789782645.735,up1,30700,28
1789782645.761,up1,30800,16
1789782645.784,up1,30900,42
1789782645.808,up1,31000,8
1789782645.831,up1,31100,35
1789782645.854,up1,31200,27
1789782645.877,up1,31300,20
1789782645.899,up1,31400,33
1789782645.922,up1,31500,29
1789782645.945,up1,31600,26
1789782645.969,up1,31700,29
1789782645.996,up1,31800,24
1789782646.019,up1,31900,29
1789782646.043,up1,32000,18
1789782646.067,up1,32100,10
1789782646.091,up1,32200,38
1789782646.114,up1,32300,34
1789782646.137,up1,32400,31
1789782646.16,up1,32500,35
1789782646.184,up1,32600,49
1789782646.206,up1,32700,28
1789782646.229,up1,32800,28
1789782646.252,up1,32900,18
1789782646.274,up1,33000,23
1789782646.3,up1,33100,24
1789782646.324,up1,33200,16
1789782646.347,up1,33300,28
1789782646.373,up1,33400,20
1789782646.397,up1,33500,26
1789782646.421,up1,33600,18
1789782646.446,up1,33700,25
1789782646.47,up1,33800,21
1789782646.497,up1,33900,43
1789782646.52,up1,34000,27
1789782646.545,up1,34100,44
1789782646.572,up1,34200,38
1789782646.593,up1,34300,30
1789782646.617,up1,34400,34
1789782646.64,up1,34500,31
1789782646.66,up1,34600,28
1789782646.683,up1,34700,28
1789782646.706,up1,34800,39
1789782646.729,up1,34900,32
1789782646.75,up1,35000,24
1789782646.771,up1,35100,25
1789782646.791,up1,35200,27
1789782646.813,up1,35300,25
1789782646.833,up1,35400,28
1789782646.854,up1,35500,24
1789782646.877,up1,35600,25
1789782646.9,up1,35700,32
1789782646.922,up1,35800,31
1789782646.944,up1,35900,25
1789782646.967,up1,36000,30
1789782646.991,up1,36100,30
1789782647.017,up1,36200,20
1789782647.04,up1,36300,18
1789782647.062,up1,36400,26
1789782647.085,up1,36500,30
1789782647.108,up1,36600,36
1789782647.133,up1,36700,35
1789782647.157,up1,36800,16
1789782647.179,up1,36900,33
1789782647.202,up1,37000,33
1789782647.224,up1,37100,33
1789782647.247,up1,37200,18
1789782647.268,up1,37300,34
1789782647.289,up1,37400,19
1789782647.309,up1,37500,13
1789782647.33,up1,37600,36
1789782647.352,up1,37700,30
1789782647.374,up1,37800,22
1789782647.395,up1,37900,33
1789782647.417,up1,38000,26
1789782647.437,up1,38100,21
1789782647.46,up1,38200,23
1789782647.485,up1,38300,30
1789782647.51,up1,38400,26
1789782647.534,up1,38500,25
1789782647.558,up1,38600,20
1789782647.582,up1,38700,13
1789782647.604,up1,38800,35
1789782647.627,up1,38900,32
1789782647.649,up1,39000,24
1789782647.672,up1,39100,31
1789782647.697,up1,39200,33
1789782647.723,up1,39300,23
1789782647.748,up1,39400,22
1789782647.774,up1,39500,34
1789782647.798,up1,39600,17
1789782647.821,up1,39700,30
1789782647.844,up1,39800,25
1789782647.867,up1,39900,34
1789782647.891,up1,40000,44
1789782647.917,up1,40100,23
1789782647.94,up1,40200,36
1789782647.963,up1,40300,26
1789782647.986,up1,40400,28
1789782648.009,up1,40500,22
1789782648.032,up1,40600,26
1789782648.055,up1,40700,27
1789782648.078,up1,40800,11
1789782648.1,up1,40900,34
1789782648.124,up1,41000,1
1789782648.147,up1,41100,21
1789782648.171,up1,41200,30
1789782648.195,up1,41300,27
1789782648.22,up1,41400,33
1789782648.246,up1,41500,31
1789782648.27,up1,41600,21
1789782648.292,up1,41700,41
1789782648.315,up1,41800,28
1789782648.337,up1,41900,35
1789782648.359,up1,42000,31
1789782648.383,up1,42100,28
1789782648.409,up1,42200,36
1789782648.433,up1,42300,38
1789782648.457,up1,42400,32
1789782648.484,up1,42500,33
1789782648.512,up1,42600,34
1789782648.535,up1,42700,10
1789782648.559,up1,42800,34
1789782648.58,up1,42900,38
1789782648.602,up1,43000,18
1789782648.625,up1,43100,40
1789782648.647,up1,43200,26
1789782648.666,up1,43300,30
1789782648.687,up1,43400,27
1789782648.707,up1,43500,29
1789782648.728,up1,43600,27
1789782648.752,up1,43700,28
1789782648.775,up1,43800,36
1789782648.798,up1,43900,33
1789782648.821,up1,44000,29
1789782648.844,up1,44100,41
1789782648.867,up1,44200,26
1789782648.893,up1,44300,43
1789782648.917,up1,44400,26
1789782648.942,up1,44500,28
1789782648.967,up1,44600,32
1789782648.99,up1,44700,37
1789782649.014,up1,44800,37
1789782649.037,up1,44900,38
1789782649.061,up1,45000,27
1789782649.085,up1,45100,27
1789782649.108,up1,45200,29
1789782649.133,up1,45300,21
1789782649.158,up1,45400,36
1789782649.181,up1,45500,34
1789782649.205,up1,45600,43
1789782649.228,up1,45700,45
1789782649.251,up1,45800,16
1789782649.273,up1,45900,22
1789782649.296,up1,46000,24
1789782649.318,up1,46100,23
1789782649.344,up1,46200,29
1789782649.367,up1,46300,25
1789782649.39,up1,46400,32
1789782649.412,up1,46500,26
1789782649.435,up1,46600,27
1789782649.458,up1,46700,30
1789782649.481,up1,46800,32
1789782649.506,up1,46900,11
1789782649.53,up1,47000,23
1789782649.554,up1,47100,41
1789782649.576,up1,47200,23
1789782649.597,up1,47300,37
1789782649.622,up1,47400,18
1789782649.644,up1,47500,31
1789782649.667,up1,47600,23
1789782649.69,up1,47700,17
1789782649.714,up1,47800,15
1789782649.737,up1,47900,20
1789782649.759,up1,48000,29
1789782649.782,up1,48100,29
1789782649.805,up1,48200,16
1789782649.826,up1,48300,23
1789782649.847,up1,48400,20
1789782649.87,up1,48500,14
1789782649.895,up1,48600,34
1789782649.919,up1,48700,36
1789782649.943,up1,48800,43
1789782649.967,up1,48900,18
1789782649.993,up1,49000,32
1789782650.017,up1,49100,37
1789782650.042,up1,49200,38
1789782650.066,up1,49300,16
1789782650.091,up1,49400,29
1789782650.114,up1,49500,31
1789782650.14,up1,49600,14
1789782650.163,up1,49700,25
1789782650.187,up1,49800,15
1789782650.21,up1,49900,34
1789782650.233,up1,50000,26
1789782650.255,down2,50000,24
1789782650.275,down2,49900,28
1789782650.296,down2,49800,19
1789782650.317,down2,49700,33
1789782650.34,down2,49600,26
1789782650.361,down2,49500,28
1789782650.383,down2,49400,18
1789782650.405,down2,49300,31
1789782650.428,down2,49200,31
1789782650.452,down2,49100,10
1789782650.474,down2,49000,26
1789782650.498,down2,48900,27
1789782650.52,down2,48800,24
1789782650.546,down2,48700,31
1789782650.572,down2,48600,28
1789782650.592,down2,48500,22
1789782650.614,down2,48400,23
1789782650.637,down2,48300,21
1789782650.657,down2,48200,26
1789782650.68,down2,48100,17
1789782650.704,down2,48000,29
1789782650.729,down2,47900,24
1789782650.752,down2,47800,41
1789782650.773,down2,47700,24
1789782650.796,down2,47600,40
1789782650.82,down2,47500,22
1789782650.843,down2,47400,16
1789782650.865,down2,47300,24
1789782650.888,down2,47200,22
1789782650.911,down2,47100,27
1789782650.934,down2,47000,35
1789782650.959,down2,46900,42
1789782650.982,down2,46800,29
1789782651.006,down2,46700,18
1789782651.032,down2,46600,28
1789782651.057,down2,46500,13
1789782651.082,down2,46400,24
1789782651.107,down2,46300,26
1789782651.13,down2,46200,37
1789782651.154,down2,46100,23
1789782651.177,down2,46000,15
1789782651.2,down2,45900,21
1789782651.222,down2,45800,26
1789782651.242,down2,45700,25
1789782651.266,down2,45600,28
1789782651.291,down2,45500,27
1789782651.313,down2,45400,28
1789782651.34,down2,45300,34
1789782651.362,down2,45200,29
1789782651.386,down2,45100,46
1789782651.409,down2,45000,40
1789782651.43,down2,44900,36
1789782651.455,down2,44800,47
1789782651.478,down2,44700,45
1789782651.499,down2,44600,27
1789782651.52,down2,44500,36
1789782651.543,down2,44400,33
1789782651.564,down2,44300,43
1789782651.584,down2,44200,30
1789782651.605,down2,44100,30
1789782651.627,down2,44000,26
1789782651.649,down2,43900,38
1789782651.671,down2,43800,10
1789782651.694,down2,43700,37
1789782651.715,down2,43600,35
1789782651.736,down2,43500,34
1789782651.756,down2,43400,33
1789782651.777,down2,43300,31
1789782651.799,down2,43200,30
1789782651.822,down2,43100,32
1789782651.842,down2,43000,34
1789782651.863,down2,42900,31
1789782651.885,down2,42800,25
1789782651.907,down2,42700,34
1789782651.931,down2,42600,27
1789782651.953,down2,42500,23
1789782651.976,down2,42400,34
1789782652.0,down2,42300,36
1789782652.025,down2,42200,31
1789782652.05,down2,42100,22
1789782652.075,down2,42000,27
1789782652.099,down2,41900,35
1789782652.121,down2,41800,34
1789782652.146,down2,41700,38
1789782652.169,down2,41600,28
1789782652.196,down2,41500,27
1789782652.219,down2,41400,25
1789782652.242,down2,41300,25
1789782652.266,down2,41200,29
1789782652.288,down2,41100,34
1789782652.312,down2,41000,44
1789782652.335,down2,40900,32
1789782652.358,down2,40800,32
1789782652.382,down2,40700,40
1789782652.408,down2,40600,29
1789782652.432,down2,40500,16
1789782652.458,down2,40400,14
1789782652.482,down2,40300,16
1789782652.506,down2,40200,22
1789782652.529,down2,40100,29
1789782652.553,down2,40000,36
1789782652.576,down2,39900,42
1789782652.598,down2,39800,45
1789782652.622,down2,39700,36
1789782652.644,down2,39600,26
1789782652.667,down2,39500,33
1789782652.688,down2,39400,35
1789782652.709,down2,39300,41
1789782652.731,down2,39200,33
1789782652.753,down2,39100,26
1789782652.774,down2,39000,34
1789782652.795,down2,38900,29
1789782652.818,down2,38800,37
1789782652.841,down2,38700,26
1789782652.865,down2,38600,46
1789782652.888,down2,38500,26
1789782652.911,down2,38400,41
1789782652.933,down2,38300,35
1789782652.956,down2,38200,36
1789782652.98,down2,38100,39
1789782653.006,down2,38000,32
1789782653.031,down2,37900,32
1789782653.056,down2,37800,28
1789782653.079,down2,37700,30
1789782653.102,down2,37600,25
1789782653.125,down2,37500,28
1789782653.147,down2,37400,25
1789782653.171,down2,37300,42
1789782653.195,down2,37200,24
1789782653.218,down2,37100,46
1789782653.242,down2,37000,38
1789782653.266,down2,36900,26
1789782653.289,down2,36800,35
1789782653.313,down2,36700,28
1789782653.335,down2,36600,36
1789782653.358,down2,36500,39
1789782653.38,down2,36400,29
1789782653.404,down2,36300,22
1789782653.427,down2,36200,32
1789782653.45,down2,36100,36
1789782653.476,down2,36000,38
1789782653.499,down2,35900,30
1789782653.523,down2,35800,31
1789782653.547,down2,35700,33
1789782653.57,down2,35600,18
1789782653.592,down2,35500,29
1789782653.614,down2,35400,28
1789782653.637,down2,35300,33
1789782653.659,down2,35200,26
1789782653.682,down2,35100,37
1789782653.705,down2,35000,31
1789782653.727,down2,34900,26
1789782653.75,down2,34800,29
1789782653.772,down2,34700,30
1789782653.795,down2,34600,19
1789782653.817,down2,34500,10
1789782653.844,down2,34400,30
1789782653.868,down2,34300,31
1789782653.891,down2,34200,35
1789782653.914,down2,34100,28
1789782653.938,down2,34000,23
1789782653.96,down2,33900,19
1789782653.983,down2,33800,26
1789782654.006,down2,33700,36
1789782654.031,down2,33600,31
1789782654.054,down2,33500,33
1789782654.077,down2,33400,24
1789782654.099,down2,33300,21
1789782654.122,down2,33200,17
1789782654.149,down2,33100,25
1789782654.175,down2,33000,30
1789782654.2,down2,32900,31
1789782654.224,down2,32800,18
1789782654.247,down2,32700,32
1789782654.271,down2,32600,20
1789782654.295,down2,32500,19
1789782654.321,down2,32400,31
1789782654.344,down2,32300,30
1789782654.367,down2,32200,27
1789782654.391,down2,32100,25
1789782654.414,down2,32000,37
1789782654.437,down2,31900,26
1789782654.46,down2,31800,22
1789782654.483,down2,31700,13
1789782654.506,down2,31600,19
1789782654.53,down2,31500,32
1789782654.554,down2,31400,26
1789782654.577,down2,31300,38
1789782654.598,down2,31200,23
1789782654.619,down2,31100,24
1789782654.641,down2,31000,20
1789782654.664,down2,30900,29
1789782654.686,down2,30800,28
1789782654.708,down2,30700,19
1789782654.731,down2,30600,24
1789782654.753,down2,30500,13
1789782654.776,down2,30400,25
1789782654.799,down2,30300,19
1789782654.822,down2,30200,23
1789782654.845,down2,30100,19
1789782654.869,down2,30000,29
1789782654.891,down2,29900,30
1789782654.914,down2,29800,33
1789782654.94,down2,29700,27
1789782654.962,down2,29600,27
1789782654.987,down2,29500,15
1789782655.012,down2,29400,40
1789782655.035,down2,29300,25
1789782655.058,down2,29200,24
1789782655.081,down2,29100,16
1789782655.104,down2,29000,21
1789782655.127,down2,28900,18
1789782655.153,down2,28800,11
1789782655.178,down2,28700,18
1789782655.201,down2,28600,23
1789782655.223,down2,28500,27
1789782655.244,down2,28400,18
1789782655.266,down2,28300,21
1789782655.289,down2,28200,20
1789782655.311,down2,28100,11
1789782655.333,down2,28000,27
1789782655.36,down2,27900,14
1789782655.384,down2,27800,24
1789782655.408,down2,27700,12
1789782655.431,down2,27600,24
1789782655.453,down2,27500,15
1789782655.476,down2,27400,26
1789782655.501,down2,27300,35
1789782655.525,down2,27200,38
1789782655.548,down2,27100,9
1789782655.572,down2,27000,21
1789782655.592,down2,26900,14
1789782655.613,down2,26800,17
1789782655.636,down2,26700,7
1789782655.655,down2,26600,15
1789782655.676,down2,26500,23
1789782655.697,down2,26400,16
1789782655.72,down2,26300,4
1789782655.745,down2,26200,28
1789782655.768,down2,26100,15
1789782655.791,down2,26000,13
1789782655.814,down2,25900,11
1789782655.836,down2,25800,26
1789782655.859,down2,25700,27
1789782655.882,down2,25600,14
1789782655.907,down2,25500,19
1789782655.933,down2,25400,19
1789782655.958,down2,25300,22
1789782655.982,down2,25200,23
1789782656.005,down2,25100,5
1789782656.027,down2,25000,20
1789782656.049,down2,24900,18
1789782656.072,down2,24800,22
1789782656.096,down2,24700,12
1789782656.12,down2,24600,12
1789782656.146,down2,24500,7
1789782656.171,down2,24400,15
1789782656.197,down2,24300,4
1789782656.22,down2,24200,12
1789782656.243,down2,24100,18
1789782656.266,down2,24000,27
1789782656.289,down2,23900,12
1789782656.313,down2,23800,23
1789782656.337,down2,23700,18
1789782656.361,down2,23600,17
1789782656.384,down2,23500,32
1789782656.407,down2,23400,19
1789782656.43,down2,23300,16
1789782656.453,down2,23200,24
1789782656.476,down2,23100,12
1789782656.5,down2,23000,8
1789782656.523,down2,22900,23
1789782656.545,down2,22800,20
1789782656.567,down2,22700,11
1789782656.589,down2,22600,6
1789782656.611,down2,22500,19
1789782656.633,down2,22400,20
1789782656.655,down2,22300,32
1789782656.676,down2,22200,28
1789782656.697,down2,22100,11
1789782656.721,down2,22000,15
1789782656.747,down2,21900,23
1789782656.77,down2,21800,12
1789782656.792,down2,21700,14
1789782656.814,down2,21600,24
1789782656.836,down2,21500,29
1789782656.858,down2,21400,27
1789782656.882,down2,21300,21
1789782656.907,down2,21200,21
1789782656.934,down2,21100,16
1789782656.959,down2,21000,24
1789782656.984,down2,20900,43
1789782657.006,down2,20800,29
1789782657.029,down2,20700,28
1789782657.051,down2,20600,11
1789782657.073,down2,20500,18
1789782657.096,down2,20400,28
1789782657.119,down2,20300,28
1789782657.145,down2,20200,31
1789782657.17,down2,20100,18
1789782657.193,down2,20000,28
1789782657.218,down2,19900,29
1789782657.24,down2,19800,38
1789782657.263,down2,19700,28
1789782657.286,down2,19600,19
1789782657.31,down2,19500,28
1789782657.337,down2,19400,6
1789782657.36,down2,19300,29
1789782657.383,down2,19200,14
1789782657.406,down2,19100,31
1789782657.429,down2,19000,29
1789782657.452,down2,18900,19
1789782657.476,down2,18800,9
1789782657.5,down2,18700,24
1789782657.524,down2,18600,14
1789782657.548,down2,18500,16
1789782657.574,down2,18400,28
1789782657.597,down2,18300,36
1789782657.618,down2,18200,28
1789782657.64,down2,18100,32
1789782657.662,down2,18000,31
1789782657.685,down2,17900,29
1789782657.707,down2,17800,23
1789782657.728,down2,17700,21
1789782657.75,down2,17600,27
1789782657.772,down2,17500,26
1789782657.793,down2,17400,17
1789782657.816,down2,17300,24
1789782657.839,down2,17200,18
1789782657.862,down2,17100,28
1789782657.885,down2,17000,17
1789782657.908,down2,16900,31
1789782657.93,down2,16800,29
1789782657.953,down2,16700,26
1789782657.975,down2,16600,27
1789782657.999,down2,16500,33
1789782658.022,down2,16400,27
1789782658.045,down2,16300,20
1789782658.068,down2,16200,14
1789782658.09,down2,16100,22
1789782658.113,down2,16000,28
1789782658.136,down2,15900,28
1789782658.162,down2,15800,17
1789782658.187,down2,15700,24
1789782658.21,down2,15600,29
1789782658.234,down2,15500,28
1789782658.258,down2,15400,27
1789782658.281,down2,15300,21
1789782658.304,down2,15200,22
1789782658.328,down2,15100,20
1789782658.351,down2,15000,34
1789782658.374,down2,14900,24
1789782658.398,down2,14800,29
1789782658.421,down2,14700,33
1789782658.444,down2,14600,30
1789782658.467,down2,14500,24
1789782658.49,down2,14400,18
1789782658.514,down2,14300,21
1789782658.537,down2,14200,19
1789782658.559,down2,14100,20
1789782658.582,down2,14000,25
1789782658.603,down2,13900,23
1789782658.626,down2,13800,26
1789782658.649,down2,13700,32
1789782658.67,down2,13600,32
1789782658.692,down2,13500,24
1789782658.714,down2,13400,20
1789782658.736,down2,13300,30
1789782658.758,down2,13200,23
1789782658.781,down2,13100,13
1789782658.805,down2,13000,22
1789782658.828,down2,12900,32
1789782658.851,down2,12800,18
1789782658.874,down2,12700,29
1789782658.896,down2,12600,21
1789782658.918,down2,12500,25
1789782658.942,down2,12400,23
1789782658.964,down2,12300,21
1789782658.988,down2,12200,23
1789782659.012,down2,12100,11
1789782659.036,down2,12000,37
1789782659.059,down2,11900,20
1789782659.082,down2,11800,22
1789782659.106,down2,11700,17
1789782659.131,down2,11600,15
1789782659.157,down2,11500,11
1789782659.18,down2,11400,19
1789782659.203,down2,11300,33
1789782659.226,down2,11200,29
1789782659.249,down2,11100,27
1789782659.271,down2,11000,29
1789782659.296,down2,10900,24
1789782659.319,down2,10800,33
1789782659.342,down2,10700,32
1789782659.365,down2,10600,22
1789782659.39,down2,10500,38
1789782659.413,down2,10400,20
1789782659.437,down2,10300,30
1789782659.461,down2,10200,38
1789782659.485,down2,10100,24
1789782659.508,down2,10000,25
1789782659.533,down2,9900,30
1789782659.556,down2,9800,35
1789782659.577,down2,9700,26
1789782659.599,down2,9600,25
1789782659.622,down2,9500,25
1789782659.644,down2,9400,29
1789782659.667,down2,9300,27
1789782659.69,down2,9200,8
1789782659.712,down2,9100,22
1789782659.736,down2,9000,16
1789782659.761,down2,8900,10
1789782659.784,down2,8800,13
1789782659.807,down2,8700,30
1789782659.831,down2,8600,22
1789782659.853,down2,8500,25
1789782659.875,down2,8400,20
1789782659.9,down2,8300,16
1789782659.922,down2,8200,19
1789782659.945,down2,8100,35
1789782659.968,down2,8000,28
1789782659.992,down2,7900,19
1789782660.014,down2,7800,17
1789782660.037,down2,7700,17
1789782660.061,down2,7600,39
1789782660.084,down2,7500,30
1789782660.107,down2,7400,33
1789782660.13,down2,7300,27
1789782660.152,down2,7200,26
1789782660.174,down2,7100,19
1789782660.196,down2,7000,25
1789782660.221,down2,6900,13
1789782660.245,down2,6800,22
1789782660.269,down2,6700,30
1789782660.292,down2,6600,28
1789782660.315,down2,6500,22
1789782660.338,down2,6400,30
1789782660.361,down2,6300,28
1789782660.384,down2,6200,11
1789782660.408,down2,6100,23
1789782660.432,down2,6000,29
1789782660.456,down2,5900,37
1789782660.48,down2,5800,15
1789782660.503,down2,5700,28
1789782660.526,down2,5600,41
1789782660.552,down2,5500,37
1789782660.577,down2,5400,22
1789782660.599,down2,5300,16
1789782660.622,down2,5200,30
1789782660.643,down2,5100,25
1789782660.666,down2,5000,25
1789782660.688,down2,4900,17
1789782660.711,down2,4800,25
1789782660.735,down2,4700,27
1789782660.757,down2,4600,23
1789782660.78,down2,4500,31
1789782660.803,down2,4400,25
1789782660.825,down2,4300,23
1789782660.848,down2,4200,33
1789782660.871,down2,4100,32
1789782660.893,down2,4000,23
1789782660.916,down2,3900,31
1789782660.939,down2,3800,24
1789782660.962,down2,3700,31
1789782660.985,down2,3600,23
1789782661.008,down2,3500,23
1789782661.03,down2,3400,20
1789782661.053,down2,3300,19
1789782661.077,down2,3200,35
1789782661.099,down2,3100,21
1789782661.122,down2,3000,16
1789782661.146,down2,2900,24
1789782661.169,down2,2800,13
1789782661.191,down2,2700,12
1789782661.215,down2,2600,34
1789782661.237,down2,2500,22
1789782661.261,down2,2400,26
1789782661.284,down2,2300,22
1789782661.308,down2,2200,38
1789782661.331,down2,2100,28
1789782661.354,down2,2000,26
1789782661.377,down2,1900,15
1789782661.401,down2,1800,32
1789782661.424,down2,1700,26
1789782661.447,down2,1600,25
1789782661.473,down2,1500,16
1789782661.498,down2,1400,25
1789782661.523,down2,1300,24
1789782661.546,down2,1200,32
1789782661.569,down2,1100,24
1789782661.592,down2,1000,14
1789782661.612,down2,900,20
1789782661.636,down2,800,16
1789782661.656,down2,700,18
1789782661.68,down2,600,34
1789782661.703,down2,500,30
1789782661.727,down2,400,13
1789782661.749,down2,300,23
1789782661.771,down2,200,14
1789782661.795,down2,100,16
1789782661.817,down2,0,28
1789782661.84,up2,0,27
1789782661.863,up2,100,28
1789782661.884,up2,200,24
1789782661.907,up2,300,13
1789782661.929,up2,400,16
1789782661.952,up2,500,18
1789782661.975,up2,600,24
1789782661.997,up2,700,22
1789782662.021,up2,800,16
1789782662.047,up2,900,27
1789782662.071,up2,1000,17
1789782662.094,up2,1100,10
1789782662.116,up2,1200,5
1789782662.14,up2,1300,29
1789782662.166,up2,1400,20
1789782662.19,up2,1500,33
1789782662.216,up2,1600,17
1789782662.239,up2,1700,28
1789782662.261,up2,1800,18
1789782662.284,up2,1900,32
1789782662.307,up2,2000,23
1789782662.33,up2,2100,23
1789782662.352,up2,2200,16
1789782662.375,up2,2300,22
1789782662.396,up2,2400,17
1789782662.418,up2,2500,30
1789782662.439,up2,2600,25
1789782662.462,up2,2700,18
1789782662.487,up2,2800,29
1789782662.511,up2,2900,12
1789782662.533,up2,3000,18
1789782662.556,up2,3100,28
1789782662.578,up2,3200,17
1789782662.601,up2,3300,21
1789782662.623,up2,3400,13
1789782662.644,up2,3500,14
1789782662.666,up2,3600,7
1789782662.688,up2,3700,25
1789782662.71,up2,3800,20
1789782662.733,up2,3900,18
1789782662.756,up2,4000,14
1789782662.78,up2,4100,15
1789782662.802,up2,4200,16
1789782662.824,up2,4300,6
1789782662.847,up2,4400,1
1789782662.87,up2,4500,1
1789782662.892,up2,4600,17
1789782662.914,up2,4700,17
1789782662.936,up2,4800,16
1789782662.958,up2,4900,9
1789782662.981,up2,5000,10
1789782663.005,up2,5100,18
1789782663.031,up2,5200,5
1789782663.055,up2,5300,13
1789782663.078,up2,5400,13
1789782663.101,up2,5500,23
1789782663.126,up2,5600,16
1789782663.151,up2,5700,20
1789782663.176,up2,5800,27
1789782663.2,up2,5900,8
1789782663.223,up2,6000,33
1789782663.246,up2,6100,14
1789782663.268,up2,6200,19
1789782663.291,up2,6300,18
1789782663.314,up2,6400,17
1789782663.341,up2,6500,15
1789782663.365,up2,6600,25
1789782663.387,up2,6700,16
1789782663.41,up2,6800,18
1789782663.434,up2,6900,22
1789782663.459,up2,7000,20
1789782663.483,up2,7100,13
1789782663.505,up2,7200,23
1789782663.529,up2,7300,21
1789782663.551,up2,7400,31
1789782663.575,up2,7500,31
1789782663.596,up2,7600,19
1789782663.62,up2,7700,27
1789782663.642,up2,7800,11
1789782663.664,up2,7900,29
1789782663.687,up2,8000,30
1789782663.71,up2,8100,20
1789782663.733,up2,8200,23
1789782663.755,up2,8300,11
1789782663.778,up2,8400,11
1789782663.801,up2,8500,7
1789782663.823,up2,8600,14
1789782663.845,up2,8700,19
1789782663.868,up2,8800,19
1789782663.89,up2,8900,17
1789782663.914,up2,9000,25
1789782663.936,up2,9100,21
1789782663.958,up2,9200,27
1789782663.984,up2,9300,18
1789782664.009,up2,9400,16
1789782664.031,up2,9500,27
1789782664.055,up2,9600,10
1789782664.078,up2,9700,11
1789782664.1,up2,9800,17
1789782664.123,up2,9900,18
1789782664.148,up2,10000,19
1789782664.172,up2,10100,20
1789782664.198,up2,10200,11
1789782664.221,up2,10300,13
1789782664.244,up2,10400,19
1789782664.27,up2,10500,21
1789782664.295,up2,10600,15
1789782664.318,up2,10700,11
1789782664.341,up2,10800,12
1789782664.364,up2,10900,17
1789782664.387,up2,11000,13
1789782664.411,up2,11100,24
1789782664.434,up2,11200,22
1789782664.457,up2,11300,18
1789782664.481,up2,11400,27
1789782664.507,up2,11500,27
1789782664.53,up2,11600,23
1789782664.554,up2,11700,14
1789782664.578,up2,11800,18
1789782664.6,up2,11900,30
1789782664.623,up2,12000,17
1789782664.645,up2,12100,14
1789782664.667,up2,12200,31
1789782664.69,up2,12300,10
1789782664.713,up2,12400,33
1789782664.735,up2,12500,28
1789782664.758,up2,12600,38
1789782664.782,up2,12700,15
1789782664.807,up2,12800,14
1789782664.829,up2,12900,25
1789782664.852,up2,13000,19
1789782664.875,up2,13100,14
1789782664.899,up2,13200,23
1789782664.923,up2,13300,18
1789782664.946,up2,13400,17
1789782664.969,up2,13500,20
1789782664.992,up2,13600,11
1789782665.017,up2,13700,30
1789782665.042,up2,13800,36
1789782665.064,up2,13900,22
1789782665.087,up2,14000,13
1789782665.11,up2,14100,27
1789782665.132,up2,14200,23
1789782665.155,up2,14300,41
1789782665.178,up2,14400,30
1789782665.201,up2,14500,31
1789782665.224,up2,14600,29
1789782665.249,up2,14700,28
1789782665.272,up2,14800,26
1789782665.295,up2,14900,23
1789782665.317,up2,15000,37
1789782665.34,up2,15100,27
1789782665.363,up2,15200,22
1789782665.386,up2,15300,19
1789782665.408,up2,15400,20
1789782665.432,up2,15500,26
1789782665.455,up2,15600,26
1789782665.478,up2,15700,37
1789782665.502,up2,15800,28
1789782665.526,up2,15900,32
1789782665.548,up2,16000,20
1789782665.571,up2,16100,30
1789782665.594,up2,16200,14
1789782665.616,up2,16300,25
1789782665.638,up2,16400,37
1789782665.66,up2,16500,24
1789782665.683,up2,16600,32
1789782665.706,up2,16700,25
1789782665.728,up2,16800,32
1789782665.751,up2,16900,31
1789782665.774,up2,17000,24
1789782665.798,up2,17100,29
1789782665.822,up2,17200,16
1789782665.85,up2,17300,19
1789782665.874,up2,17400,24
1789782665.897,up2,17500,20
1789782665.92,up2,17600,28
1789782665.944,up2,17700,8
1789782665.969,up2,17800,27
1789782665.993,up2,17900,21
1789782666.015,up2,18000,31
1789782666.038,up2,18100,25
1789782666.06,up2,18200,20
1789782666.084,up2,18300,20
1789782666.111,up2,18400,24
1789782666.136,up2,18500,24
1789782666.159,up2,18600,15
1789782666.182,up2,18700,13
1789782666.205,up2,18800,19
1789782666.229,up2,18900,23
1789782666.254,up2,19000,9
1789782666.279,up2,19100,31
1789782666.304,up2,19200,13
1789782666.33,up2,19300,11
1789782666.353,up2,19400,25
1789782666.376,up2,19500,16
1789782666.398,up2,19600,24
1789782666.422,up2,19700,24
1789782666.445,up2,19800,17
1789782666.471,up2,19900,21
1789782666.495,up2,20000,24
1789782666.518,up2,20100,31
1789782666.543,up2,20200,25
1789782666.569,up2,20300,18
1789782666.59,up2,20400,33
1789782666.613,up2,20500,10
1789782666.636,up2,20600,19
1789782666.658,up2,20700,27
1789782666.681,up2,20800,18
1789782666.704,up2,20900,21
1789782666.726,up2,21000,12
1789782666.749,up2,21100,20
1789782666.775,up2,21200,26
1789782666.8,up2,21300,13
1789782666.823,up2,21400,19
1789782666.847,up2,21500,18
1789782666.871,up2,21600,20
1789782666.894,up2,21700,27
1789782666.917,up2,21800,18
1789782666.942,up2,21900,25
1789782666.969,up2,22000,23
1789782666.992,up2,22100,13
1789782667.015,up2,22200,19
1789782667.039,up2,22300,28
1789782667.063,up2,22400,14
1789782667.089,up2,22500,9
1789782667.112,up2,22600,18
1789782667.137,up2,22700,6
1789782667.162,up2,22800,25
1789782667.188,up2,22900,14
1789782667.211,up2,23000,7
1789782667.235,up2,23100,22
1789782667.258,up2,23200,25
1789782667.281,up2,23300,13
1789782667.304,up2,23400,2
1789782667.328,up2,23500,23
1789782667.351,up2,23600,21
1789782667.373,up2,23700,21
1789782667.396,up2,23800,14
1789782667.419,up2,23900,17
1789782667.442,up2,24000,18
1789782667.466,up2,24100,1
1789782667.489,up2,24200,33
1789782667.514,up2,24300,16
1789782667.538,up2,24400,29
1789782667.563,up2,24500,21
1789782667.584,up2,24600,19
1789782667.607,up2,24700,20
1789782667.63,up2,24800,14
1789782667.652,up2,24900,19
1789782667.674,up2,25000,13
1789782667.696,up2,25100,12
1789782667.72,up2,25200,16
1789782667.746,up2,25300,25
1789782667.769,up2,25400,20
1789782667.792,up2,25500,3
1789782667.814,up2,25600,31
1789782667.836,up2,25700,20
1789782667.859,up2,25800,23
1789782667.884,up2,25900,25
1789782667.91,up2,26000,18
1789782667.933,up2,26100,26
1789782667.959,up2,26200,33
1789782667.983,up2,26300,22
1789782668.006,up2,26400,27
1789782668.028,up2,26500,32
1789782668.051,up2,26600,23
1789782668.074,up2,26700,20
1789782668.097,up2,26800,14
1789782668.119,up2,26900,21
1789782668.143,up2,27000,13
1789782668.166,up2,27100,14
1789782668.19,up2,27200,31
1789782668.215,up2,27300,33
1789782668.24,up2,27400,25
1789782668.265,up2,27500,28
1789782668.289,up2,27600,16
1789782668.315,up2,27700,21
1789782668.34,up2,27800,13
1789782668.364,up2,27900,6
1789782668.386,up2,28000,25
1789782668.408,up2,28100,38
1789782668.43,up2,28200,21
1789782668.453,up2,28300,21
1789782668.478,up2,28400,10
1789782668.503,up2,28500,31
1789782668.528,up2,28600,19
1789782668.552,up2,28700,24
1789782668.575,up2,28800,20
1789782668.598,up2,28900,22
1789782668.619,up2,29000,25
1789782668.642,up2,29100,26
1789782668.664,up2,29200,21
1789782668.686,up2,29300,30
1789782668.709,up2,29400,15
1789782668.732,up2,29500,17
1789782668.754,up2,29600,22
1789782668.778,up2,29700,30
1789782668.801,up2,29800,35
1789782668.824,up2,29900,33
1789782668.846,up2,30000,17
1789782668.868,up2,30100,25
1789782668.89,up2,30200,24
1789782668.913,up2,30300,23
1789782668.935,up2,30400,21
1789782668.958,up2,30500,27
1789782668.981,up2,30600,27
1789782669.004,up2,30700,22
1789782669.031,up2,30800,29
1789782669.055,up2,30900,10
1789782669.079,up2,31000,8
1789782669.103,up2,31100,21
1789782669.126,up2,31200,16
1789782669.15,up2,31300,15
1789782669.173,up2,31400,26
1789782669.195,up2,31500,24
1789782669.219,up2,31600,21
1789782669.243,up2,31700,3
1789782669.267,up2,31800,27
1789782669.29,up2,31900,22
1789782669.313,up2,32000,13
1789782669.335,up2,32100,26
1789782669.358,up2,32200,22
1789782669.381,up2,32300,2
1789782669.404,up2,32400,21
1789782669.426,up2,32500,18
1789782669.449,up2,32600,22
1789782669.471,up2,32700,23
1789782669.494,up2,32800,9
1789782669.516,up2,32900,14
1789782669.539,up2,33000,19
1789782669.562,up2,33100,17
1789782669.585,up2,33200,33
1789782669.608,up2,33300,20
1789782669.631,up2,33400,41
1789782669.653,up2,33500,21
1789782669.676,up2,33600,38
1789782669.699,up2,33700,28
1789782669.724,up2,33800,25
1789782669.747,up2,33900,30
1789782669.77,up2,34000,17
1789782669.793,up2,34100,32
1789782669.816,up2,34200,21
1789782669.839,up2,34300,13
1789782669.862,up2,34400,27
1789782669.886,up2,34500,9
1789782669.909,up2,34600,19
1789782669.933,up2,34700,26
1789782669.958,up2,34800,16
1789782669.981,up2,34900,10
1789782670.004,up2,35000,28
1789782670.028,up2,35100,4
1789782670.052,up2,35200,11
1789782670.076,up2,35300,17
1789782670.102,up2,35400,20
1789782670.127,up2,35500,27
1789782670.15,up2,35600,19
1789782670.176,up2,35700,20
1789782670.198,up2,35800,18
1789782670.221,up2,35900,24
1789782670.244,up2,36000,24
1789782670.267,up2,36100,11
1789782670.29,up2,36200,20
1789782670.314,up2,36300,30
1789782670.337,up2,36400,30
1789782670.36,up2,36500,32
1789782670.382,up2,36600,31
1789782670.405,up2,36700,23
1789782670.428,up2,36800,17
1789782670.451,up2,36900,38
1789782670.473,up2,37000,31
1789782670.496,up2,37100,20
1789782670.519,up2,37200,25
1789782670.542,up2,37300,28
1789782670.567,up2,37400,25
1789782670.591,up2,37500,25
1789782670.614,up2,37600,16
1789782670.636,up2,37700,14
1789782670.658,up2,37800,26
1789782670.681,up2,37900,16
1789782670.702,up2,38000,24
1789782670.724,up2,38100,11
1789782670.748,up2,38200,14
1789782670.771,up2,38300,15
1789782670.794,up2,38400,12
1789782670.82,up2,38500,29
1789782670.845,up2,38600,25
1789782670.868,up2,38700,24
1789782670.892,up2,38800,17
1789782670.915,up2,38900,18
1789782670.938,up2,39000,15
1789782670.962,up2,39100,21
1789782670.984,up2,39200,32
1789782671.008,up2,39300,21
1789782671.031,up2,39400,15
1789782671.054,up2,39500,23
1789782671.077,up2,39600,18
1789782671.1,up2,39700,32
1789782671.125,up2,39800,37
1789782671.15,up2,39900,16
1789782671.175,up2,40000,30
1789782671.198,up2,40100,25
1789782671.219,up2,40200,15
1789782671.241,up2,40300,22
1789782671.263,up2,40400,12
1789782671.286,up2,40500,12
1789782671.31,up2,40600,18
1789782671.333,up2,40700,17
1789782671.356,up2,40800,18
1789782671.379,up2,40900,17
1789782671.401,up2,41000,20
1789782671.425,up2,41100,17
1789782671.447,up2,41200,25
1789782671.47,up2,41300,8
1789782671.492,up2,41400,6
1789782671.516,up2,41500,19
1789782671.542,up2,41600,33
1789782671.566,up2,41700,16
1789782671.589,up2,41800,21
1789782671.611,up2,41900,30
1789782671.634,up2,42000,17
1789782671.657,up2,42100,8
1789782671.682,up2,42200,26
1789782671.705,up2,42300,18
1789782671.728,up2,42400,21
1789782671.751,up2,42500,19
1789782671.776,up2,42600,20
1789782671.802,up2,42700,20
1789782671.826,up2,42800,16
1789782671.849,up2,42900,27
1789782671.872,up2,43000,14
1789782671.895,up2,43100,19
1789782671.918,up2,43200,22
1789782671.943,up2,43300,25
1789782671.967,up2,43400,24
1789782671.99,up2,43500,32
1789782672.015,up2,43600,23
1789782672.039,up2,43700,27
1789782672.064,up2,43800,14
1789782672.087,up2,43900,31
1789782672.111,up2,44000,19
1789782672.134,up2,44100,6
1789782672.156,up2,44200,17
1789782672.182,up2,44300,27
1789782672.208,up2,44400,18
1789782672.233,up2,44500,22
1789782672.256,up2,44600,19
1789782672.28,up2,44700,23
1789782672.302,up2,44800,20
1789782672.326,up2,44900,13
1789782672.352,up2,45000,28
1789782672.375,up2,45100,21
1789782672.398,up2,45200,9
1789782672.421,up2,45300,28
1789782672.444,up2,45400,24
1789782672.467,up2,45500,22
1789782672.491,up2,45600,13
1789782672.515,up2,45700,13
1789782672.537,up2,45800,8
1789782672.559,up2,45900,12
1789782672.581,up2,46000,21
1789782672.604,up2,46100,27
1789782672.63,up2,46200,7
1789782672.652,up2,46300,18
1789782672.676,up2,46400,26
1789782672.699,up2,46500,11
1789782672.722,up2,46600,32
1789782672.743,up2,46700,23
1789782672.762,up2,46800,24
1789782672.782,up2,46900,29
1789782672.802,up2,47000,27
1789782672.824,up2,47100,19
1789782672.849,up2,47200,29
1789782672.876,up2,47300,16
1789782672.901,up2,47400,27
1789782672.925,up2,47500,16
1789782672.948,up2,47600,19
1789782672.969,up2,47700,21
1789782672.988,up2,47800,21
1789782673.008,up2,47900,21
1789782673.027,up2,48000,23
1789782673.047,up2,48100,20
1789782673.071,up2,48200,19
1789782673.092,up2,48300,18
1789782673.116,up2,48400,14
1789782673.138,up2,48500,22
1789782673.161,up2,48600,18
1789782673.184,up2,48700,29
1789782673.211,up2,48800,4
1789782673.234,up2,48900,14
1789782673.257,up2,49000,27
1789782673.281,up2,49100,24
1789782673.303,up2,49200,19
1789782673.326,up2,49300,24
1789782673.349,up2,49400,22
1789782673.372,up2,49500,18
1789782673.395,up2,49600,15
1789782673.422,up2,49700,18
1789782673.449,up2,49800,29
1789782673.475,up2,49900,21
1789782673.499,up2,50000,25
